Date,Actual_Price,Predicted_Price,Absolute_Error,Percentage_Error
2023-07-02,30620.76953125,5531.1792852657645,25089.590245984236,81.93651116566184
2023-07-03,31156.439453125,5684.529438788201,25471.910014336798,81.75488105006157
2023-07-04,30777.58203125,6173.006352624315,24604.575678625686,79.9431730980148
2023-07-05,30514.166015625,6556.1176898616495,23958.04832576335,78.51451130434126
2023-07-06,29909.337890625,6792.628203116739,23116.70968750826,77.28927257448294
2023-07-07,30342.265625,6929.607368959149,23412.65825604085,77.1618657136479
2023-07-08,30292.541015625,7009.920203097479,23282.620812527523,76.85925324164211
2023-07-09,30171.234375,7059.717809417954,23111.516565582046,76.60116347355127
2023-07-10,30414.470703125,7093.213213720922,23321.257489404077,76.6781632238232
2023-07-11,30620.951171875,7117.8804552201755,23503.070716654824,76.7548682101101
2023-07-12,30391.646484375,7137.650860467104,23253.995623907897,76.51443180567159
2023-07-13,31476.048828125,7154.62163904091,24321.42718908409,77.26963229054343
2023-07-14,30334.068359375,7169.93704294806,23164.13131642694,76.36341766622238
2023-07-15,30295.806640625,7184.239741152251,23111.56689947275,76.28635597535607
2023-07-16,30249.1328125,7197.899770392741,23051.23304210726,76.20460786426804
2023-07-17,30145.888671875,7211.138048125802,22934.750623749198,76.07919896933234
2023-07-18,29856.5625,7224.090639421092,22632.47186057891,75.80401079521096
2023-07-19,29913.923828125,7236.843902920612,22677.079925204387,75.80777451831126
2023-07-20,29792.015625,7249.4560804991925,22542.559544500808,75.66644643400427
2023-07-21,29908.744140625,7261.964828541428,22646.77931208357,75.71959292440663
2023-07-22,29771.802734375,7274.397259644224,22497.405474730775,75.56615121849813
2023-07-23,30084.5390625,7286.772453042439,22797.76660945756,75.77901247579588
2023-07-24,29176.916015625,7299.104969204785,21877.811046420215,74.98328827729455
2023-07-25,29227.390625,7311.405351918946,21915.985273081053,74.9844060808321
2023-07-26,29354.97265625,7323.680128291584,22031.292527958416,75.05131340419663
2023-07-27,29210.689453125,7335.93632751449,21874.75312561051,74.88612400167199
2023-07-28,29319.24609375,7348.177464183558,21971.06862956644,74.93735875510805
2023-07-29,29356.91796875,7360.408057064943,21996.509911685058,74.92785835045768
2023-07-30,29275.30859375,7372.629110328896,21902.679483421103,74.81622068399687
2023-07-31,29230.111328125,7384.843636486186,21845.267691638815,74.73549261038721
2023-08-01,29675.732421875,7390.939100564327,22284.793321310673,75.094332987326
2023-08-02,29151.958984375,7397.034564642468,21754.92441973253,74.62594342765382
2023-08-03,29178.6796875,7403.130028720608,21775.549658779393,74.62828987463723
2023-08-04,29074.091796875,7409.225492798749,21664.86630407625,74.51605524064857
2023-08-05,29042.126953125,7415.320956876889,21626.805996248113,74.46701831155316
2023-08-06,29041.85546875,7421.416420955029,21620.43904779497,74.4457910792211
2023-08-07,29180.578125,7427.511885033169,21753.06623996683,74.54638543069245
2023-08-08,29765.4921875,7433.60734911131,22331.88483838869,75.02608959971087
2023-08-09,29561.494140625,7439.70281318945,22121.79132743555,74.83312995683323
2023-08-10,29429.591796875,7445.7982772675905,21983.79351960741,74.69962095071185
2023-08-11,29397.71484375,7451.8937413457315,21945.82110240427,74.6514523970559
2023-08-12,29415.96484375,7457.989205423872,21957.975638326127,74.64645730630022
2023-08-13,29282.9140625,7464.084669502012,21818.829392997988,74.5104443718578
2023-08-14,29408.443359375,7470.180133580152,21938.26322579485,74.59851906374786
2023-08-15,29170.34765625,7476.275597658293,21694.072058591708,74.37028970048482
2023-08-16,28701.779296875,7482.371061736433,21219.408235138566,73.93063689765359
2023-08-17,26664.55078125,7488.466525814573,19176.084255435428,71.9160221852291
2023-08-18,26049.556640625,7494.561989892714,18554.994650732286,71.22959867115458
2023-08-19,26096.205078125,7500.6574539708545,18595.547624154147,71.25766972049803
2023-08-20,26189.583984375,7506.752918048995,18682.831066326005,71.336876055276
2023-08-21,26124.140625,7512.848382127135,18611.292242872863,71.24173962324498
2023-08-22,26031.65625,7518.943846205276,18512.712403794725,71.11615267966181
2023-08-23,26431.640625,7525.039310283416,18906.601314716583,71.53018453509857
2023-08-24,26162.373046875,7531.134774361556,18631.238272513445,71.2138697782955
2023-08-25,26047.66796875,7537.230238439697,18510.437730310303,71.06370425374628
2023-08-26,26008.462890625,7543.325702517837,18465.13718810716,70.99664930511175
2023-08-27,26089.693359375,7549.421166595977,18540.272192779023,71.06358797473872
2023-08-28,26106.150390625,7555.516630674118,18550.633759950884,71.05848040549331
2023-08-29,27727.392578125,7561.612094752259,20165.780483372742,72.72872999707211
2023-08-30,27297.265625,7567.707558830399,19729.5580661696,72.27668271689612
2023-08-31,25931.47265625,7573.803022908539,18357.669633341462,70.79300846771191
2023-09-01,25800.724609375,7579.89848698668,18220.82612238832,70.6213736174199
2023-09-02,25868.798828125,7585.99395106482,18282.80487706018,70.6751210156028
2023-09-03,25969.56640625,7592.08941514296,18377.47699110704,70.76543637126032
2023-09-04,25812.416015625,7598.1848792211,18214.231136403898,70.5638368968573
2023-09-05,25779.982421875,7604.280343299241,18175.70207857576,70.50315931617236
2023-09-06,25753.236328125,7610.3758073773815,18142.860520747618,70.44885656151058
2023-09-07,26240.1953125,7616.471271455522,18623.72404104448,70.97402980141968
2023-09-08,25905.654296875,7622.566735533663,18283.087561341337,70.57566410722475
2023-09-09,25895.677734375,7628.662199611803,18267.015534763195,70.54078955622312
2023-09-10,25832.2265625,7634.757663689943,18197.468898810057,70.44483314197495
2023-09-11,25162.654296875,7640.853127768083,17521.80116910692,69.6341529092302
2023-09-12,25833.34375,7646.948591846224,18186.395158153777,70.3989206126434
2023-09-13,26228.32421875,7653.044055924364,18575.280162825635,70.821452441657
2023-09-14,26539.673828125,7659.1395200025045,18880.534308122496,71.14079257490403
2023-09-15,26608.693359375,7665.2349840806455,18943.458375294354,71.19274185863033
2023-09-16,26568.28125,7671.330448158786,18896.950801841216,71.12598148155035
2023-09-17,26534.1875,7677.425912236926,18856.761587763074,71.06590917005872
2023-09-18,26754.28125,7683.521376315066,19070.759873684932,71.2811519602491
2023-09-19,27211.1171875,7689.616840393207,19521.500347106794,71.74089991451879
2023-09-20,27132.0078125,7695.712304471347,19436.295508028652,71.63603829965783
2023-09-21,26567.6328125,7701.807768549487,18865.825043950514,71.01056077180573
2023-09-22,26579.568359375,7707.903232627628,18871.66512674737,71.00064557704174
2023-09-23,26579.390625,7713.998696705768,18865.39192829423,70.97751861380091
2023-09-24,26256.826171875,7720.094160783909,18536.73201109109,70.59776337684983
2023-09-25,26298.48046875,7726.189624862049,18572.290843887953,70.62115572022142
2023-09-26,26217.25,7732.28508894019,18484.96491105981,70.50687967296268
2023-09-27,26352.716796875,7738.38055301833,18614.33624385667,70.63535948621443
2023-09-28,27021.546875,7744.47601709647,19277.07085790353,71.33962739837976
2023-09-29,26911.720703125,7750.571481174611,19161.14922195039,71.20001516560548
2023-09-30,26967.916015625,7756.666945252751,19211.24907037225,71.23742546232124
2023-10-01,27983.75,7762.762409330891,20220.98759066911,72.25974928545713
2023-10-02,27530.78515625,7768.8578734090315,19761.927282840967,71.78119756005084
2023-10-03,27429.978515625,7774.953337487173,19655.02517813783,71.65527004310883
2023-10-04,27799.39453125,7781.048801565313,20018.345729684686,72.01000621499709
2023-10-05,27415.912109375,7787.144265643453,19628.767843731548,71.59626046882241
2023-10-06,27946.59765625,7793.239729721594,20153.357926528406,72.11381569384456
2023-10-07,27968.83984375,7799.335193799734,20169.504649950264,72.11419838158714
2023-10-08,27935.08984375,7805.430657877874,20129.659185872126,72.05868783119662
2023-10-09,27583.677734375,7811.526121956014,19772.151612418987,71.68062142699257
2023-10-10,27391.01953125,7817.621586034155,19573.397945215846,71.4591799800838
2023-10-11,26873.3203125,7823.7170501122955,19049.603262387704,70.88667511445122
2023-10-12,26756.798828125,7829.812514190436,18926.986313934565,70.73711035282648
2023-10-13,26862.375,7835.907978268577,19026.467021731423,70.82942971993886
2023-10-14,26861.70703125,7842.003442346717,19019.703588903285,70.80601231625528
2023-10-15,27159.65234375,7848.098906424857,19311.553437325143,71.10383149572654
2023-10-16,28519.466796875,7854.194370502997,20665.272426372,72.46023417463185
2023-10-17,28415.748046875,7860.289834581138,20555.458212293863,72.33826179196586
2023-10-18,28328.341796875,7866.385298659278,20461.95649821572,72.23139513401718
2023-10-19,28719.806640625,7872.480762737418,20847.325877887582,72.58867073428841
2023-10-20,29682.94921875,7878.5762268155595,21804.37299193444,73.45756929759912
2023-10-21,29918.412109375,7884.6716908937,22033.7404184813,73.64608903016273
2023-10-22,29993.896484375,7890.76715497184,22103.12932940316,73.69209045886235
2023-10-23,33086.234375,7896.86261904998,25189.371755950022,76.13248298507835
2023-10-24,33901.52734375,7902.958083128121,25998.56926062188,76.68848956864154
2023-10-25,34502.8203125,7909.053547206261,26593.766765293738,77.07708101664693
2023-10-26,34156.6484375,7915.149011284401,26241.4994262156,76.82691548098585
2023-10-27,33909.80078125,7921.244475362542,25988.556305887458,76.64025062706209
2023-10-28,34089.57421875,7927.339939440682,26162.23427930932,76.7455589542668
2023-10-29,34538.48046875,7933.435403518823,26605.045065231177,77.0301550738548
2023-10-30,34502.36328125,7939.530867596963,26562.832413653035,76.98844336291702
2023-10-31,34667.78125,7945.626331675104,26722.154918324897,77.08066093305264
2023-11-01,35437.25390625,7951.721795753244,27485.532110496755,77.56112305770168
2023-11-02,34938.2421875,7957.817259831384,26980.424927668617,77.22318937190697
2023-11-03,34732.32421875,7963.912723909525,26768.411494840475,77.07060237676157
2023-11-04,35082.1953125,7970.008187987665,27112.187124512333,77.28190007212034
2023-11-05,35049.35546875,7976.103652065805,27073.251816684195,77.24322303393768
2023-11-06,35037.37109375,7982.1991161439455,27055.171977606056,77.21804214481202
2023-11-07,35443.5625,7988.294580222087,27455.267919777914,77.46193097767166
2023-11-08,35655.27734375,7994.390044300227,27660.887299449772,77.57866257152656
2023-11-09,36693.125,8000.485508378367,28692.639491621634,78.19622747209903
2023-11-10,37313.96875,8006.580972456508,29307.387777543492,78.54267117470182
2023-11-11,37138.05078125,8012.676436534648,29125.374344715354,78.42461769539065
2023-11-12,37054.51953125,8018.771900612788,29035.747630637212,78.3595307615576
2023-11-13,36502.35546875,8024.867364690928,28477.48810405907,78.01548075010915
2023-11-14,35537.640625,8030.962828769069,27506.67779623093,77.40153063757572
2023-11-15,37880.58203125,8037.0582928472095,29843.52373840279,78.78317105524685
2023-11-16,36154.76953125,8043.15375692535,28111.61577432465,77.7535471496414
2023-11-17,36596.68359375,8049.249221003491,28547.43437274651,78.00552282180524
2023-11-18,36585.703125,8055.344685081631,28530.358439918367,77.98226083680979
2023-11-19,37386.546875,8061.440149159771,29325.10672584023,78.43759099733714
2023-11-20,37476.95703125,8067.535613237911,29409.42141801209,78.47334401640232
2023-11-21,35813.8125,8073.631077316052,27740.18142268395,77.45665564838691
2023-11-22,37432.33984375,8079.726541394192,29352.613302355807,78.41511758249531
2023-11-23,37289.62109375,8085.822005472332,29203.79908827767,78.31615938080002
2023-11-24,37720.28125,8091.9174695504735,29628.363780449527,78.54756857214453
2023-11-25,37796.79296875,8098.012933628614,29698.78003512139,78.57486760761961
2023-11-26,37479.12109375,8104.108397706754,29375.012696043246,78.37700521995914
2023-11-27,37254.16796875,8110.203861784894,29143.964106965104,78.2300765149607
2023-11-28,37831.0859375,8116.299325863035,29714.786611636966,78.54595202666978
2023-11-29,37858.4921875,8122.394789941175,29736.097397558824,78.54538223626612
2023-11-30,37712.74609375,8128.490254019315,29584.255839730686,78.44630504017734
2023-12-01,38688.75,8134.585718097456,30554.164281902544,78.97428653523968
2023-12-02,39476.33203125,8140.681182175596,31335.6508490744,79.37832426849758
2023-12-03,39978.390625,8146.7766462537365,31831.613978746263,79.62204951502162
2023-12-04,41980.09765625,8152.872110331878,33827.225545918125,80.57919689208232
2023-12-05,44080.6484375,8158.967574410018,35921.68086308998,81.49081770886775
2023-12-06,43746.4453125,8165.063038488158,35581.38227401184,81.33548227710494
2023-12-07,43292.6640625,8171.158502566298,35121.5055599337,81.1257665022187
2023-12-08,44166.6015625,8177.253966644439,35989.347595855565,81.48543542551529
2023-12-09,43725.984375,8183.349430722579,35542.63494427742,81.28492806350324
2023-12-10,43779.69921875,8189.444894800719,35590.25432394928,81.29396720182733
2023-12-11,41243.83203125,8195.54035887886,33048.29167237114,80.12905213882844
2023-12-12,41450.22265625,8201.635822957,33248.586833293,80.2132888622244
2023-12-13,42890.7421875,8207.731287035142,34683.010900464855,80.86362961229617
2023-12-14,43023.97265625,8213.826751113282,34810.14590513672,80.9087207805296
2023-12-15,41929.7578125,8219.922215191422,33709.83559730858,80.39597020343172
2023-12-16,42240.1171875,8226.017679269562,34014.099508230436,80.52558035586163
2023-12-17,41364.6640625,8232.113143347702,33132.5509191523,80.09868246262226
2023-12-18,42623.5390625,8238.208607425842,34385.33045507416,80.67216193534296
2023-12-19,42270.52734375,8244.304071503982,34026.22327224602,80.49633021026655
2023-12-20,43652.25,8250.399535582124,35401.850464417876,81.09971528252925
2023-12-21,43869.15234375,8256.494999660265,35612.657344089734,81.1792693531801
2023-12-22,43997.90234375,8262.590463738405,35735.31188001159,81.22049001521971
2023-12-23,43739.54296875,8268.685927816545,35470.85704093346,81.09562796821137
2023-12-24,43016.1171875,8274.781391894685,34741.335795605315,80.76353252473648
2023-12-25,43613.140625,8280.876855972825,35332.26376902717,81.01288570989531
2023-12-26,42520.40234375,8286.972320050965,34233.43002369904,80.51059758782115
2023-12-27,43442.85546875,8293.067784129107,35149.7876846209,80.91039897205974
2023-12-28,42627.85546875,8299.163248207247,34328.692220542755,80.53112652056524
2023-12-29,42099.40234375,8305.258712285387,33794.14363146461,80.27226456928938
2023-12-30,42156.90234375,8311.354176363528,33845.54816738647,80.28471326334125
2023-12-31,42265.1875,8317.449640441668,33947.73785955833,80.32080269266125
2024-01-01,44167.33203125,8323.545104519808,35843.786926730194,81.15452140366868
2024-01-02,44957.96875,8329.640568597948,36628.32818140205,81.47238231576478
2024-01-03,42848.17578125,8335.73603267609,34512.43974857391,80.54587883686816
2024-01-04,44179.921875,8341.83149675423,35838.09037824577,81.11850102325643
2024-01-05,44162.69140625,8347.92696083237,35814.76444541763,81.09733194464921
2024-01-06,43989.1953125,8354.02242491051,35635.17288758949,81.00892192829764
2024-01-07,43943.09765625,8360.11788898865,35582.97976726135,80.97512843908582
2024-01-08,46970.50390625,8366.21335306679,38604.29055318321,82.18836789623293
2024-01-09,46139.73046875,8372.30881714493,37767.421651605066,81.85444793004281
2024-01-10,46627.77734375,8378.404281223073,38249.37306252692,82.03130245849877
2024-01-11,46368.5859375,8384.499745301213,37984.08619219879,81.91771524669171
2024-01-12,42853.16796875,8390.595209379353,34462.57275937065,80.42012852935852
2024-01-13,42842.3828125,8396.690673457493,34445.692139042505,80.40097183621725
2024-01-14,41796.26953125,8402.786137535633,33393.48339371437,79.89584661077687
2024-01-15,42511.96875,8408.881601613773,34103.08714838623,80.21996663795117
2024-01-16,43154.9453125,8414.977065691914,34739.96824680809,80.50054981009445
2024-01-17,42742.65234375,8421.072529770056,34321.579813979944,80.29819847854758
2024-01-18,41262.05859375,8427.167993848196,32834.8905999018,79.57647223368379
2024-01-19,41618.40625,8433.263457926336,33185.14279207366,79.73669773112387
2024-01-20,41665.5859375,8439.358922004476,33226.227015495526,79.74501322346974
2024-01-21,41545.78515625,8445.454386082616,33100.330770167384,79.6719345793562
2024-01-22,39507.3671875,8451.549850160756,31055.817337339242,78.6076611735474
2024-01-23,39845.55078125,8457.645314238896,31387.905467011104,78.77392795830347
2024-01-24,40077.07421875,8463.740778317038,31613.33344043296,78.88134065845233
2024-01-25,39933.80859375,8469.836242395178,31463.972351354823,78.79031191700362
2024-01-26,41816.87109375,8475.931706473319,33340.93938727668,79.73083235359486
2024-01-27,42120.0546875,8482.027170551459,33638.02751694854,79.86225983446153
2024-01-28,42035.59375,8488.122634629599,33547.4711153704,79.80729691815142
2024-01-29,43288.24609375,8494.218098707739,34794.02799504226,80.37754156102402
2024-01-30,42952.609375,8500.31356278588,34452.29581221412,80.21001823527543
2024-01-31,42582.60546875,8506.409026864021,34076.19644188598,80.02374694261816
2024-02-01,43075.7734375,8512.504490942161,34563.26894655784,80.23830145895529
2024-02-02,43185.859375,8518.599955020301,34667.2594199797,80.27456190914275
2024-02-03,42992.25,8524.695419098442,34467.55458090156,80.17155320063863
2024-02-04,42583.58203125,8530.790883176582,34052.79114807342,79.96694858380806
2024-02-05,42658.66796875,8536.886347254722,34121.781621495276,79.98792096952371
2024-02-06,43084.671875,8542.981811332862,34541.690063667134,80.1716447182926
2024-02-07,44318.22265625,8549.077275411004,35769.14538083899,80.70979212835068
2024-02-08,45301.56640625,8555.172739489144,36746.39366676086,81.11506197651295
2024-02-09,47147.19921875,8561.268203567284,38585.931015182716,81.84140660435551
2024-02-10,47771.27734375,8567.363667645424,39203.913676104574,82.06586856366253
2024-02-11,48293.91796875,8573.459131723564,39720.45883702644,82.24733156404649
2024-02-12,49958.22265625,8579.554595801705,41378.6680604483,82.82654157887988
2024-02-13,49742.44140625,8585.650059879845,41156.791346370155,82.73978956971526
2024-02-14,51826.6953125,8591.745523957987,43234.94978854201,83.42216212677222
2024-02-15,51938.5546875,8597.840988036127,43340.71369946387,83.44612968195403
2024-02-16,52160.203125,8603.936452114267,43556.26667288573,83.50478729636988
2024-02-17,51662.99609375,8610.031916192407,43052.964177557595,83.33423810619064
2024-02-18,52122.546875,8616.127380270547,43506.41949472945,83.46948125744183
2024-02-19,51779.14453125,8622.222844348687,43156.92168690131,83.34807783634787
2024-02-20,52284.875,8628.318308426828,43656.556691573176,83.49748697223275
2024-02-21,51839.1796875,8634.41377250497,43204.765914995034,83.34384566932685
2024-02-22,51304.97265625,8640.50923658311,42664.46341966689,83.15853456452331
2024-02-23,50731.94921875,8646.60470066125,42085.34451808875,82.9562931568465
2024-02-24,51571.1015625,8652.70016473939,42918.40139776061,83.2218046491541
2024-02-25,51733.23828125,8658.79562881753,43074.442652432466,83.26260656303089
2024-02-26,54522.40234375,8664.89109289567,45857.51125085433,84.10764984590057
2024-02-27,57085.37109375,8670.98655697381,48414.38453677619,84.81049279204362
2024-02-28,62504.7890625,8677.082021051952,53827.70704144805,86.11773249506444
2024-02-29,61198.3828125,8683.177485130092,52515.205327369906,85.81142656704888
2024-03-01,62440.6328125,8689.272949208233,53751.35986329177,86.08394476830362
2024-03-02,62029.84765625,8695.368413286373,53334.47924296363,85.9819607143429
2024-03-03,63167.37109375,8701.463877364513,54465.90721638549,86.2247490647502
2024-03-04,68330.4140625,8707.559341442653,59622.854721057345,87.25668582444402
2024-03-05,63801.19921875,8713.654805520793,55087.5444132292,86.3424905609611
2024-03-06,66106.8046875,8719.750269598935,57387.05441790106,86.80960256539561
2024-03-07,66925.484375,8725.845733677075,58199.63864132293,86.9618489650609
2024-03-08,68300.09375,8731.941197755215,59568.152552244785,87.2153305825364
2024-03-09,68498.8828125,8738.036661833356,59760.84615066664,87.24353405039943
2024-03-10,69019.7890625,8744.132125911496,60275.65693658851,87.33097819526317
2024-03-11,72123.90625,8750.227589989636,63373.678660010366,87.86778469865581
2024-03-12,71481.2890625,8756.323054067776,62724.966008432224,87.75018865928446
2024-03-13,73083.5,8762.418518145918,64321.08148185408,88.01040109170208
2024-03-14,71396.59375,8768.513982224058,62628.07976777594,87.71858218764945
2024-03-15,69403.7734375,8774.609446302198,60629.1639911978,87.3571579588479
2024-03-16,65315.1171875,8780.704910380338,56534.41227711966,86.55639721938554
2024-03-17,68390.625,8786.800374458478,59603.82462554152,87.15203966266067
2024-03-18,67548.59375,8792.895838536619,58755.69791146338,86.98285878299781
2024-03-19,61912.7734375,8798.991302614759,53113.782134885245,85.78808408333185
2024-03-20,67913.671875,8805.0867666929,59108.5851083071,87.03488336943511
2024-03-21,65491.390625,8811.18223077104,56680.20839422896,86.54604498899195
2024-03-22,63778.76171875,8817.277694849181,54961.48402390082,86.17521341393959
2024-03-23,64062.203125,8823.373158927321,55238.82996607268,86.22686587641873
2024-03-24,67234.171875,8829.468623005461,58404.703251994535,86.86758775073339
2024-03-25,69958.8125,8835.564087083601,61123.2484129164,87.37033438484451
2024-03-26,69987.8359375,8841.659551161742,61146.17638633826,87.36686249442339
2024-03-27,69455.34375,8847.755015239884,60607.58873476012,87.26123212767213
2024-03-28,70744.953125,8853.850479318024,61891.102645681975,87.48483094804789
2024-03-29,69892.828125,8859.945943396164,61032.88218160384,87.32352634586404
2024-03-30,69645.3046875,8866.041407474304,60779.2632800257,87.26972127230052
2024-03-31,71333.6484375,8872.136871552444,62461.511565947556,87.56247988727803
2024-04-01,69702.1484375,8878.232335630584,60823.916101869414,87.26261308345258
2024-04-02,65446.97265625,8884.327799708724,56562.64485654127,86.42515086775325
2024-04-03,65980.8125,8890.423263786866,57090.38923621313,86.5257444900563
2024-04-04,68508.84375,8896.518727865006,59612.325022134995,87.01405798012026
2024-04-05,67837.640625,8902.614191943147,58935.02643305685,86.87658634657424
2024-04-06,68896.109375,8908.709656021287,59987.39971897871,87.06935741823769
2024-04-07,69362.5546875,8914.805120099427,60447.74956740058,87.14752482767769
2024-04-08,71631.359375,8920.900584177567,62710.458790822435,87.54609620421215
2024-04-09,69139.015625,8926.996048255707,60212.01957674429,87.08833794123649
2024-04-10,70587.8828125,8933.09151233385,61654.79130016615,87.34472383020399
2024-04-11,70060.609375,8939.18697641199,61121.42239858801,87.24078043831318
2024-04-12,67195.8671875,8945.28244049013,58250.58474700987,86.68774909098255
2024-04-13,63821.47265625,8951.37790456827,54870.09475168173,85.97434761058955
2024-04-14,65738.7265625,8957.47336864641,56781.25319385359,86.37413007973277
2024-04-15,63426.2109375,8963.56883272455,54462.64210477545,85.86772140376283
2024-04-16,63811.86328125,8969.66429680269,54842.198984447314,85.94357877113069
2024-04-17,61276.69140625,8975.759760880832,52300.93164536917,85.35208159106755
2024-04-18,63512.75390625,8981.855224958972,54530.89868129103,85.85818647036322
2024-04-19,63843.5703125,8987.950689037112,54855.61962346289,85.92191720318412
2024-04-20,64994.44140625,8994.046153115252,56000.395253134746,86.16182252125584
2024-04-21,64926.64453125,9000.141617193392,55926.502914056604,86.1379843634742
2024-04-22,66837.6796875,9006.237081271533,57831.44260622847,86.52520984663104
2024-04-23,66407.2734375,9012.332545349673,57394.94089215033,86.42869661885496
2024-04-24,64276.8984375,9018.428009427815,55258.470428072185,85.96941011676702
2024-04-25,64481.70703125,9024.523473505955,55457.18355774404,86.0045214542283
2024-04-26,63755.3203125,9030.618937584095,54724.70137491591,85.83550534556169
2024-04-27,63419.140625,9036.714401662235,54382.42622333777,85.75080912070901
2024-04-28,63113.23046875,9042.809865740375,54070.420603009625,85.67208523699662
2024-04-29,63841.12109375,9048.905329818515,54792.21576393148,85.82589845731202
2024-04-30,60636.85546875,9055.000793896656,51581.85467485334,85.06683645796363
2024-05-01,58254.01171875,9061.096257974797,49192.9154607752,84.44554118998411
2024-05-02,59123.43359375,9067.191722052938,50056.241871697064,84.66396288085095
2024-05-03,62889.8359375,9073.287186131078,53816.54875136892,85.57272880287346
2024-05-04,63891.47265625,9079.382650209218,54812.09000604078,85.7893670739783
2024-05-05,64031.1328125,9085.478114287358,54945.654698212646,85.81084276473442
2024-05-06,63161.94921875,9091.573578365498,54070.375640384504,85.60593254195105
2024-05-07,62334.81640625,9097.669042443638,53237.14736380636,85.40515627229559
2024-05-08,61187.94140625,9103.76450652178,52084.17689972822,85.1216362288144
2024-05-09,63049.9609375,9109.85997059992,53940.10096690008,85.551363022048
2024-05-10,60792.77734375,9115.95543467806,51676.821909071936,85.00487091890487
2024-05-11,60793.7109375,9122.0508987562,51671.6600387438,84.99507472387353
2024-05-12,61448.39453125,9128.14636283434,52320.24816841566,85.1450205778897
2024-05-13,62901.44921875,9134.241826912481,53767.20739183752,85.4784874746738
2024-05-14,61552.7890625,9140.337290990621,52412.45177150938,85.15040921750983
2024-05-15,66267.4921875,9146.432755068763,57121.05943243124,86.19770802675095
2024-05-16,65231.58203125,9152.528219146903,56079.0538121031,85.96917638029649
2024-05-17,67051.875,9158.623683225043,57893.25131677496,86.34098795413992
2024-05-18,66940.8046875,9164.719147303183,57776.085540196815,86.30921873424307
2024-05-19,66278.3671875,9170.814611381324,57107.55257611867,86.1631856659394
2024-05-20,71448.1953125,9176.910075459464,62271.28523704054,87.15585462260943
2024-05-21,70136.53125,9183.005539537604,60953.525710462396,86.90695793493836
2024-05-22,69122.3359375,9189.101003615746,59933.234933884254,86.70603231360052
2024-05-23,67929.5625,9195.196467693886,58734.36603230611,86.46363066493488
2024-05-24,68526.1015625,9201.291931772026,59324.80963072798,86.57257348372593
2024-05-25,69265.9453125,9207.387395850166,60058.557916649836,86.70719448884996
2024-05-26,68518.09375,9213.482859928306,59304.61089007169,86.55321192450964
2024-05-27,69394.5546875,9219.578324006447,60174.97636349355,86.71426257359187
2024-05-28,68296.21875,9225.673788084587,59070.54496191541,86.49167705483755
2024-05-29,67578.09375,9231.769252162729,58346.32449783727,86.33910970274634
2024-05-30,68364.9921875,9237.864716240869,59127.12747125913,86.48743396195408
2024-05-31,67491.4140625,9243.960180319009,58247.45388218099,86.30350199544094
2024-06-01,67706.9375,9250.055644397149,58456.88185560285,86.33809771059701
2024-06-02,67751.6015625,9256.15110847529,58495.450454024714,86.3381072992989
2024-06-03,68804.78125,9262.24657255343,59542.53467744657,86.53836782228935
2024-06-04,70567.765625,9268.34203663157,61299.42358836843,86.8660401040839
2024-06-05,71082.8203125,9274.437500709711,61808.38281179029,86.95263150795553
2024-06-06,70757.1640625,9280.532964787852,61476.63109771215,86.88396703323167
2024-06-07,69342.5859375,9286.628428865992,60055.957508634005,86.60761160935614
2024-06-08,69305.7734375,9292.723892944132,60013.04954455587,86.59170306882973
2024-06-09,69647.9921875,9298.819357022272,60349.17283047773,86.648833562942
2024-06-10,69512.28125,9304.914821100412,60207.366428899586,86.61399877291409
2024-06-11,67332.03125,9311.010285178552,58021.02096482145,86.17149948943721
2024-06-12,68241.1875,9317.105749256694,58924.08175074331,86.34680009157711
2024-06-13,66756.3984375,9323.201213334834,57433.19722416517,86.03399609392712
2024-06-14,66011.09375,9329.296677412975,56681.797072587025,85.86707756616595
2024-06-15,66191.0,9335.392141491115,56855.60785850888,85.89628175810742
2024-06-16,66639.046875,9341.487605569255,57297.55926943074,85.98196096187898
2024-06-17,66490.296875,9347.583069647395,57142.71380535261,85.94143279699803
2024-06-18,65140.74609375,9353.678533725535,55787.067560024465,85.64081762240825
2024-06-19,64960.296875,9359.773997803677,55600.52287719632,85.59154676307246
2024-06-20,64828.65625,9365.869461881817,55462.78678811818,85.55288663432412
2024-06-21,64096.19921875,9371.964925959957,54724.234292790046,85.37828289322593
2024-06-22,64252.578125,9378.060390038097,54874.517734961904,85.40438272874658
2024-06-23,63180.796875,9384.155854116238,53796.64102088376,85.14713913361632
2024-06-24,60277.4140625,9390.251318194378,50887.16274430562,84.42160888246154
2024-06-25,61804.640625,9396.346782272518,52408.29384272748,84.79669700001185
2024-06-26,60811.27734375,9402.44224635066,51408.83509739934,84.53832470381907
2024-06-27,61604.80078125,9408.5377104288,52196.2630708212,84.72759007234323
2024-06-28,60320.13671875,9414.63317450694,50905.50354424306,84.39222175771283
2024-06-29,60887.37890625,9420.72863858508,51466.65026766492,84.52761671168267
2024-06-30,62678.29296875,9426.82410266322,53251.46886608678,84.95998589597323
2024-07-01,62851.98046875,9432.91956674136,53419.06090200864,84.99184990450475
2024-07-02,62029.015625,9439.0150308195,52590.0005941805,84.78290371737702
2024-07-03,60173.921875,9445.110494897643,50728.81138010236,84.30364815755556
2024-07-04,56977.703125,9451.205958975783,47526.497166024215,83.41244830764528
2024-07-05,56662.375,9457.301423053923,47205.07357694607,83.30938047857343
2024-07-06,58303.5390625,9463.396887132063,48840.14217536794,83.76874364867024
2024-07-07,55849.109375,9469.492351210203,46379.6170237898,83.04450606789968
2024-07-08,56705.09765625,9475.587815288343,47229.509840961655,83.28970726277561
2024-07-09,58009.2265625,9481.683279366483,48527.54328313352,83.65487036936999
2024-07-10,57742.49609375,9487.778743444625,48254.71735030538,83.56881086671352
2024-07-11,57344.9140625,9493.874207522766,47851.039854977236,83.44426116468598
2024-07-12,57899.46484375,9499.969671600906,48399.495172149094,83.5923014189545
2024-07-13,59231.953125,9506.065135679046,49725.88798932095,83.95111990378243
2024-07-14,60787.79296875,9512.160599757186,51275.63236899281,84.35185728054441
2024-07-15,64870.15234375,9518.256063835326,55351.896279914676,85.32721795780957
2024-07-16,65097.1484375,9524.351527913466,55572.796909586534,85.36901883335514
2024-07-17,64118.79296875,9530.446991991608,54588.34597675839,85.13626574873841
2024-07-18,63974.06640625,9536.542456069748,54437.52395018025,85.09311195647543
2024-07-19,66710.15625,9542.637920147889,57167.518329852115,85.69537465271956
2024-07-20,67163.6484375,9548.733384226029,57614.91505327397,85.78288463124257
2024-07-21,68154.5234375,9554.828848304169,58599.69458919583,85.98063875090217
2024-07-22,67585.25,9560.924312382309,58024.32568761769,85.8535341477877
2024-07-23,65927.671875,9567.01977646045,56360.65209853955,85.48861274124818
2024-07-24,65372.1328125,9573.115240538591,55799.017571961405,85.35596923539859
2024-07-25,65777.2265625,9579.210704616731,56198.01585788327,85.43688871479739
2024-07-26,67912.0625,9585.306168694871,58326.75633130513,85.88570893617776
2024-07-27,67813.3359375,9591.401632773011,58221.93430472699,85.85617194586489
2024-07-28,68255.8671875,9597.497096851152,58658.37009064885,85.93894196599003
2024-07-29,66819.9140625,9603.592560929292,57216.32150157071,85.6276490389578
2024-07-30,66201.015625,9609.688025007434,56591.32759999257,85.4840776470226
2024-07-31,64619.25,9615.783489085574,55003.466510914426,85.11932049801635
2024-08-01,65357.5,9621.878953163714,55735.621046836284,85.27807986357539
2024-08-02,61415.06640625,9627.974417241854,51787.09198900814,84.32310672180263
2024-08-03,60680.09375,9634.069881319994,51046.02386868001,84.12317897692768
2024-08-04,58116.9765625,9640.165345398134,48476.811217101866,83.41247959616251
2024-08-05,53991.45703125,9646.260809476275,44345.196221773724,82.13372755639273
2024-08-06,56034.31640625,9652.356273554416,46381.96013269558,82.77420535734812
2024-08-07,55027.4609375,9658.451737632557,45369.00919986745,82.44794222178888
2024-08-08,61710.13671875,9664.547201710697,52045.589517039305,84.33880118308956
2024-08-09,60880.11328125,9670.642665788837,51209.47061546116,84.1152682796219
2024-08-10,60945.8125,9676.738129866977,51269.07437013302,84.12239047618411
2024-08-11,58719.484375,9682.833593945117,49036.65078105488,83.51001597339022
2024-08-12,59354.515625,9688.929058023257,49665.586566976745,83.67617197108032
2024-08-13,60609.56640625,9695.0245221014,50914.5418841486,84.0041348306005
2024-08-14,58737.26953125,9701.11998617954,49036.14954507046,83.48387648319566
2024-08-15,57560.09765625,9707.21545025768,47852.88220599232,83.13551254164065
2024-08-16,58894.10546875,9713.31091433582,49180.794554414184,83.507159439768
2024-08-17,59478.97265625,9719.40637841396,49759.56627783604,83.65908833936012
2024-08-18,58483.96484375,9725.5018424921,48758.4630012579,83.37065233440406
2024-08-19,59493.453125,9731.59730657024,49761.85581842976,83.64257444239543
2024-08-20,59012.79296875,9737.692770648382,49275.100198101616,83.49901389042044
2024-08-21,61175.19140625,9743.788234726522,51431.403171523474,84.07232080399989
2024-08-22,60381.9140625,9749.883698804662,50632.03036369534,83.85297344381503
2024-08-23,64094.35546875,9755.979162882802,54338.3763058672,84.77872335007807
2024-08-24,64178.9921875,9762.074626960943,54416.917560539056,84.78929896804725
2024-08-25,64333.54296875,9768.170091039083,54565.37287771092,84.81636539777708
2024-08-26,62880.66015625,9774.265555117223,53106.39460113278,84.45584774264539
2024-08-27,59504.1328125,9780.361019195365,49723.77179330464,83.56356011436435
2024-08-28,59027.625,9786.456483273505,49241.168516726495,83.42054845799149
2024-08-29,59388.1796875,9792.551947351645,49595.62774014835,83.51094106793649
2024-08-30,59119.4765625,9798.647411429785,49320.82915107021,83.42568645534125
2024-08-31,58969.8984375,9804.742875507925,49165.15556199208,83.37330886553993
2024-09-01,57325.48828125,9810.838339586066,47514.649941663934,82.88573087864131
2024-09-02,59112.48046875,9816.933803664206,49295.54666508579,83.39278993908239
2024-09-03,57431.0234375,9823.029267742348,47607.99416975765,82.89595295401207
2024-09-04,57971.5390625,9829.124731820488,48142.414330679516,83.04491326127541
2024-09-05,56160.48828125,9835.220195898628,46325.268085351374,82.48729578944516
2024-09-06,53948.75390625,9841.315659976768,44107.43824627323,81.75802970893709
2024-09-07,54139.6875,9847.411124054908,44292.27637594509,81.81110460961764
2024-09-08,54841.56640625,9853.506588133048,44988.05981811695,82.0327768992935
2024-09-09,57019.53515625,9859.602052211188,47159.93310403881,82.70837875967766
2024-09-10,57648.7109375,9865.69751628933,47783.01342121067,82.88652537784365
2024-09-11,57343.171875,9871.79298036747,47471.37889463253,82.78471061578773
2024-09-12,58127.01171875,9877.88844444561,48249.12327430439,83.0063714745217
2024-09-13,60571.30078125,9883.98390852375,50687.31687272625,83.68206761116255
2024-09-14,60005.12109375,9890.079372601891,50115.04172114811,83.51794114847306
2024-09-15,59182.8359375,9896.174836680031,49286.66110081997,83.27864036942927
2024-09-16,58192.5078125,9902.270300758171,48290.23751174183,82.9835993103031
2024-09-17,60308.5390625,9908.365764836313,50400.173297663685,83.5705425485968
2024-09-18,61649.6796875,9914.461228914453,51735.21845858554,83.91806530192775
2024-09-19,62940.45703125,9920.556692992594,53019.90033825741,84.23818770799993
2024-09-20,63192.9765625,9926.652157070734,53266.324405429266,84.29152621533353
2024-09-21,63394.83984375,9932.747621148874,53462.092222601124,84.33193041321623
2024-09-22,63648.7109375,9938.843085227014,53709.86785227299,84.38484780157374
2024-09-23,63329.80078125,9944.938549305154,53384.86223194485,84.29658955717173
2024-09-24,64301.96875,9951.034013383296,54350.934736616706,84.52452668739897
2024-09-25,63143.14453125,9957.129477461436,53186.015053788564,84.23086219196198
2024-09-26,65181.01953125,9963.224941539576,55217.79458971042,84.71453037526841
2024-09-27,65790.6640625,9969.320405617716,55821.34365688228,84.84690715973464
2024-09-28,65887.6484375,9975.415869695857,55912.232567804145,84.85996069633843
2024-09-29,65635.3046875,9981.511333773997,55653.793353726,84.79246591251835
2024-09-30,63329.5,9987.606797852137,53341.89320214786,84.22913997765316
2024-10-01,60837.0078125,9993.702261930279,50843.30555056972,83.57298851263211
2024-10-02,60632.78515625,9999.797726008419,50632.987430241585,83.50760615690167
2024-10-03,60759.40234375,10005.89319008656,50753.50915366344,83.53194270496999
2024-10-04,62067.4765625,10011.9886541647,52055.4879083353,83.86918687747368
2024-10-05,62089.94921875,10018.08411824284,52071.86510050716,83.86520806620733
2024-10-06,62818.953125,10024.17958232098,52794.77354267902,84.04274652209753
2024-10-07,62236.66015625,10030.27504639912,52206.38510985088,83.8836547121627
2024-10-08,62131.96875,10036.370510477262,52095.59823952274,83.84668840792646
2024-10-09,60582.1015625,10042.465974555402,50539.6355879446,83.42337800184265
2024-10-10,60274.5,10048.561438633542,50225.938561366456,83.32866894186837
2024-10-11,62445.08984375,10054.656902711682,52390.43294103832,83.89840269607998
2024-10-12,63193.0234375,10060.752366789822,53132.27107071018,84.07933056607074
2024-10-13,62851.375,10066.847830867962,52784.52716913204,83.98309053562001
2024-10-14,66046.125,10072.943294946102,55973.181705053896,84.74862333718124
2024-10-15,67041.109375,10079.038759024244,56962.070615975754,84.96588309324312
2024-10-16,67612.71875,10085.134223102385,57527.58452689761,85.08396880120667
2024-10-17,67399.8359375,10091.229687180525,57308.60625031948,85.02781268408704
2024-10-18,68418.7890625,10097.325151258665,58321.463911241335,85.24188269097421
2024-10-19,68362.734375,10103.420615336805,58259.31375966319,85.22086527447095
2024-10-20,69001.703125,10109.516079414945,58892.18704558506,85.34888905408458
2024-10-21,67367.8515625,10115.611543493085,57252.24001900692,84.98451218366611
2024-10-22,67361.40625,10121.707007571227,57239.699242428775,84.9740265664789
2024-10-23,66432.1953125,10127.802471649367,56304.39284085063,84.75467742107914
2024-10-24,68161.0546875,10133.897935727508,58027.15675177249,85.1324220521694
2024-10-25,66642.4140625,10139.993399805648,56502.42066269435,84.78447465859212
2024-10-26,67014.6953125,10146.088863883788,56868.606448616214,84.85990450815154
2024-10-27,67929.296875,10152.184327961928,57777.11254703807,85.05477784255083
2024-10-28,69907.7578125,10158.279792040068,59749.47802045993,85.4690235963716
2024-10-29,72720.4921875,10164.37525611821,62556.11693138179,86.0226808835249
2024-10-30,72339.5390625,10170.47072019635,62169.06834230365,85.94064760157063
2024-10-31,70215.1875,10176.56618427449,60038.62131572551,85.50660256475925
2024-11-01,69482.46875,10182.66164835263,59299.80710164737,85.34499157623465
2024-11-02,69289.2734375,10188.75711243077,59100.51632506923,85.29533273051103
2024-11-03,68741.1171875,10194.85257650891,58546.264610991086,85.1692073192509
2024-11-04,67811.5078125,10200.94804058705,57610.55977191295,84.95690721286887
2024-11-05,69359.5625,10207.043504665193,59152.51899533481,85.28386982737213
2024-11-06,75639.078125,10213.138968743333,65425.93915625667,86.49753642969411
2024-11-07,75904.859375,10219.234432821473,65685.62494217853,86.53678497402332
2024-11-08,76545.4765625,10225.329896899613,66320.14666560039,86.64149685115548
2024-11-09,76778.8671875,10231.425360977753,66547.44182652225,86.6741647333871
2024-11-10,80474.1875,10237.520825055894,70236.6666749441,87.27850365055765
2024-11-11,88701.484375,10243.616289134034,78457.86808586596,88.45158414054552
2024-11-12,87955.8125,10249.711753212176,77706.10074678782,88.34674882548305
2024-11-13,90584.1640625,10255.807217290316,80328.35684520968,88.67814554184751
2024-11-14,87250.4296875,10261.902681368456,76988.52700613154,88.23856487799206
2024-11-15,91066.0078125,10267.998145446596,80798.00966705341,88.72466423850726
2024-11-16,90558.4765625,10274.093609524736,80284.38295297527,88.65474111367814
2024-11-17,89845.8515625,10280.189073602876,79565.66248889713,88.55797024033814
2024-11-18,90542.640625,10286.284537681016,80256.35608731899,88.63929252926953
2024-11-19,92343.7890625,10292.380001759158,82051.40906074084,88.85428017817952
2024-11-20,94339.4921875,10298.475465837299,84041.0167216627,89.08360091087934
2024-11-21,98504.7265625,10304.570929915439,88200.15563258456,89.53900864505489
2024-11-22,98997.6640625,10310.666393993579,88686.99766850642,89.584939713846
2024-11-23,97777.28125,10316.761858071719,87460.51939192828,89.44871270076173
2024-11-24,98013.8203125,10322.85732214986,87690.96299035015,89.46795738678767
2024-11-25,93102.296875,10328.952786228,82773.344088772,88.90580239916558
2024-11-26,91985.3203125,10335.048250306141,81650.27206219386,88.76445913848528
2024-11-27,95962.53125,10341.143714384281,85621.38753561572,89.22376934030251
2024-11-28,95652.46875,10347.239178462421,85305.22957153758,89.18246511179314
2024-11-29,97461.5234375,10353.334642540562,87108.18879495944,89.37700307016037
2024-11-30,96449.0546875,10359.430106618702,86089.6245808813,89.25916885325232
2024-12-01,97279.7890625,10365.525570696842,86914.26349180315,89.34462577418087
2024-12-02,95865.3046875,10371.621034774982,85493.68365272501,89.18104827540661
2024-12-03,96002.1640625,10377.716498853124,85624.44756364687,89.19012232672489
2024-12-04,98768.53125,10383.811962931264,88384.71928706873,89.48672028275072
2024-12-05,96593.5703125,10389.907427009404,86203.6628854906,89.24368631017995
2024-12-06,99920.7109375,10396.002891087544,89524.70804641246,89.59574767478367
2024-12-07,99923.3359375,10402.098355165685,89521.23758233432,89.58992085525249
2024-12-08,101236.015625,10408.193819243825,90827.82180575618,89.71888240070804
2024-12-09,97432.71875,10414.289283321965,87018.42946667803,89.31130177118047
2024-12-10,96675.4296875,10420.384747400107,86255.04494009989,89.22126875351509
2024-12-11,101173.03125,10426.480211478247,90746.55103852175,89.69440760778011
2024-12-12,100043.0,10432.575675556387,89610.42432444361,89.57190840382995
2024-12-13,101459.2578125,10438.671139634527,91020.58667286547,89.7114651095462
2024-12-14,101372.96875,10444.766603712667,90928.20214628734,89.69669456019294
2024-12-15,104298.6953125,10450.862067790807,93847.8332447092,89.97987267580106
2024-12-16,106029.71875,10456.957531868948,95572.76121813105,90.13771077095407
2024-12-17,106140.6015625,10463.05299594709,95677.54856655291,90.14227087286103
2024-12-18,100041.5390625,10469.14846002523,89572.39060247477,89.53519852040188
2024-12-19,97490.953125,10475.24392410337,87015.70920089663,89.2551630809555
2024-12-20,97755.9296875,10481.33938818151,87274.59029931849,89.27805257268014
2024-12-21,97224.7265625,10487.43485225965,86737.29171024034,89.21320200832048
2024-12-22,95104.9375,10493.53031633779,84611.4071836622,88.96636642410097
2024-12-23,94686.2421875,10499.62578041593,84186.61640708408,88.91113900198478
2024-12-24,98676.09375,10505.721244494072,88170.37250550593,89.35332678337394
2024-12-25,99299.1953125,10511.816708572213,88787.37860392779,89.41399607973565
2024-12-26,95795.515625,10517.912172650353,85277.60345234965,89.02045455465405
2024-12-27,94164.859375,10524.007636728493,83640.8517382715,88.82384818861362
2024-12-28,95163.9296875,10530.103100806633,84633.82658669337,88.93477482972229
2024-12-29,93530.2265625,10536.198564884773,82994.02799761522,88.73498017473085
2024-12-30,92643.2109375,10542.294028962913,82100.91690853708,88.62054334874567
