Date,Actual_Price,Predicted_Price,Upper_Bound,Lower_Bound,Absolute_Error,Percentage_Error
2023-12-05,0.4256579875946045,0.15358304486002555,0.4294581347326575,-0.14044483901289362,0.27207494273457894,63.918674302830745
2023-12-06,0.4424059987068176,0.15298621944985571,0.4368208271361373,-0.13051189928109985,0.28941977925696194,65.41949704636812
2023-12-07,0.4564320147037506,0.1505514700084838,0.4658961765797902,-0.14895737468325607,0.3058805446952668,67.01557621758852
2023-12-08,0.5459210276603699,0.14647054336522408,0.4448026304910773,-0.11184468858680749,0.3994504842951458,73.17001252123471
2023-12-09,0.5785999894142151,0.14837365925981072,0.4290393331818637,-0.1367980595579241,0.43022633015440437,74.356435884137
2023-12-10,0.5941550135612488,0.14778072943316312,0.42973031354277186,-0.14343501811711873,0.44637428412808566,75.12758016676585
2023-12-11,0.5510209798812866,0.14252245589444634,0.4401830748636693,-0.15727974421837815,0.4084985239868403,74.13484039661216
2023-12-12,0.5764070153236389,0.14012991148304446,0.41300420426306583,-0.1635332413120711,0.4362771038405945,75.68906905056234
2023-12-13,0.6652439832687378,0.14264572512558082,0.40655787769800694,-0.1589013808298453,0.522598258143157,78.55738214652047
2023-12-14,0.6434779763221741,0.14356549608460167,0.4169759678919063,-0.162891016618551,0.4999124802375724,77.68913601283506
2023-12-15,0.6014080047607422,0.14306701620321205,0.44446998933325854,-0.1596378572565446,0.45834098855753014,76.21132158689369
2023-12-16,0.60760897397995,0.14876027346635107,0.44421075021807926,-0.13493369426537022,0.4588487005135989,75.51710395388929
2023-12-17,0.5803139805793762,0.15213837122215912,0.4375405027155262,-0.12240132852193501,0.4281756093572171,73.7834385671242
2023-12-18,0.6010329723358154,0.15099850083735605,0.4226604274751502,-0.12948351398862684,0.4500344714984594,74.87683574987155
2023-12-19,0.5766000151634216,0.1528315887972272,0.45004191745118705,-0.14011157609109384,0.42376842636619444,73.49434880713432
2023-12-20,0.5893290042877197,0.15963375335664193,0.4542369355544746,-0.10106792358559376,0.4296952509310778,72.91262568188375
2023-12-21,0.6365990042686462,0.16484820191140626,0.4380619915615787,-0.127877129801093,0.47175080235724,74.10486023288847
2023-12-22,0.6242160201072693,0.16859514864616018,0.44349309638285284,-0.11748558391696534,0.4556208714611091,72.9908968665707
2023-12-23,0.6145480275154114,0.17842271971058743,0.4804903010322042,-0.11421260111870087,0.43612530780482395,70.9668387624736
2023-12-24,0.5939549803733826,0.18575896747107962,0.48855964114476047,-0.09572426334408411,0.40819601290230295,68.72507620791318
2023-12-25,0.6257209777832031,0.1883341121924772,0.46984252357167555,-0.09644811303343909,0.4373868655907259,69.90126288242644
2023-12-26,0.6087989807128906,0.19357160642994348,0.4796249013257184,-0.08486207110789568,0.41522737428294715,68.20434781226551
2023-12-27,0.6335350275039673,0.20340112571429586,0.4761326675361298,-0.08219160043316749,0.4301339017896714,67.89425732059904
2023-12-28,0.6174219846725464,0.21120208009872993,0.5147583424763682,-0.07609291563789043,0.40621990457381646,65.79291224773243
2023-12-29,0.608493983745575,0.21703518533806765,0.5223323518034393,-0.055584462311452344,0.3914587984075073,64.33240243360977
2023-12-30,0.601963996887207,0.22839501703340065,0.5015735740482902,-0.05882041754514766,0.3735689798538064,62.05835926825435
2023-12-31,0.5942050218582153,0.23666362341860692,0.5285756131779394,-0.04820793355980237,0.3575413984396084,60.171386186117125
2024-01-01,0.6231099963188171,0.23953426859752627,0.5278760838136067,-0.054201990435805106,0.3835757277212909,61.55826900344456
2024-01-02,0.605666995048523,0.24440385563162115,0.5266335170963277,-0.054518446757081084,0.3612631394169018,59.647156336785244
2024-01-03,0.5572860240936279,0.25318708920841465,0.5189774249651167,-0.028339474595431208,0.3040989348852133,54.56783801097487
2024-01-04,0.5705670118331909,0.259260931978553,0.525948007292915,-0.020186013793945495,0.31130607985463793,54.56082693151744
2024-01-05,0.5412420034408569,0.2626968575136731,0.5507953344391283,-0.04564902886289307,0.2785451459271838,51.464066749509264
2024-01-06,0.5231029987335205,0.2710137932503958,0.528724451364456,-7.509508987306995e-05,0.2520892054831247,48.19112222515554
2024-01-07,0.4941740036010742,0.2756318060362897,0.5675285442751936,0.005781686716666661,0.21854219756478455,44.22373414470512
2024-01-08,0.5409359931945801,0.27429558682179694,0.5588414275426016,-0.014311185935453538,0.26664040637278313,49.29241346986314
2024-01-09,0.5115270018577576,0.27446627711261484,0.5561531954534258,-0.027155031624748378,0.23706072474514273,46.343736280624185
2024-01-10,0.5666469931602478,0.27813469907454624,0.5468559160515126,-0.003559977165435307,0.28851229408570156,50.915701939339556
2024-01-11,0.5821790099143982,0.2787645547043513,0.5760243446441342,-0.00404966693406127,0.3034144552100469,52.117037894351434
2024-01-12,0.5473330020904541,0.27652311747518354,0.5755574267491681,-0.025030628691216212,0.27080988461527056,49.47808438025003
2024-01-13,0.5493360161781311,0.27903233911365005,0.5688866797919792,-0.021938252751721832,0.27030367706448105,49.205526145008974
2024-01-14,0.5259810090065002,0.27782046169949093,0.5546270977729613,-0.026539613500564288,0.24816054730700932,47.180514706366985
2024-01-15,0.5281609892845154,0.27074323668932804,0.54781798794607,-0.021037535238250957,0.25741775259518734,48.73850167236013
2024-01-16,0.5356760025024414,0.26537334499180576,0.5547552443653859,-0.031118812482166223,0.27030265751063565,50.4601020482346
2024-01-17,0.5270289778709412,0.26381113671620476,0.5418956363749147,-0.02433611827784572,0.2632178411547364,49.94371319354534
2024-01-18,0.5018740296363831,0.25962531654839355,0.5536249764168211,-0.05486880961664698,0.2422487130879895,48.26882818852036
2024-01-19,0.503150999546051,0.25308116096326805,0.5472605531589422,-0.046270277392631246,0.250069838582783,49.700753612414374
2024-01-20,0.5150049924850464,0.25188925334722206,0.5297640328399441,-0.04495439680884199,0.2631157391378243,51.08993951072506
2024-01-21,0.5031049847602844,0.24765488955583473,0.5404747377407321,-0.03208120021901587,0.2554500952044497,50.77470964159988
2024-01-22,0.4785020053386688,0.2382973150549818,0.5336501354279514,-0.06385583076585874,0.24020469028368702,50.19930692112307
2024-01-23,0.4767490029335022,0.23143744286953116,0.5237689504234089,-0.06049858103358806,0.24531156006397103,51.455075638236316
2024-01-24,0.4762960076332092,0.22920722003524754,0.5221555075007539,-0.0693846778469344,0.24708878759796163,51.87714858786771
2024-01-25,0.4664790034294128,0.2251893101169861,0.5005752361203762,-0.061320256360542814,0.2412896933124267,51.72573503599042
2024-01-26,0.4852940142154693,0.21964471088575163,0.4956732190578767,-0.0746487325758821,0.2656493033297177,54.739868110503856
2024-01-27,0.4863210022449493,0.22026131633750862,0.4926179748800397,-0.059022650469028645,0.26605968590744067,54.70865635645163
2024-01-28,0.4897190034389496,0.21860358811335187,0.5125358686753771,-0.07605987981349828,0.2711154153255977,55.361424290612824
2024-01-29,0.5252749919891357,0.2125324989032174,0.5058068814781801,-0.08333408066844726,0.31274249308591834,59.53881259444896
2024-01-30,0.5141649842262268,0.2095943871561873,0.5053973623982796,-0.10573653993405756,0.30457059707003953,59.235966355894796
2024-01-31,0.4982559978961944,0.21183186962646672,0.4950940703345182,-0.09716958185105579,0.2864241282697277,57.48533474340648
2024-02-01,0.5070229768753052,0.21272544726147,0.511047196639026,-0.09944954090604065,0.29429752961383515,58.04421950017726
2024-02-02,0.5139579772949219,0.21242338125356477,0.5143260178697927,-0.0858424834206094,0.30153459604135713,58.66911486195866
2024-02-03,0.5128610134124756,0.21849279691358026,0.5262187451051787,-0.06687930502242062,0.29436821649889533,57.397269201694144
2024-02-04,0.4942559897899627,0.2223721208714152,0.5403204203162381,-0.07051878707960063,0.27188386891854754,55.008715025201084
2024-02-05,0.4933399856090545,0.2217939480590788,0.4925240600170975,-0.07403989964377805,0.27154603754997575,55.042373509363465
2024-02-06,0.4984630048274994,0.22417690675254534,0.5399202503780112,-0.08424294564128028,0.2742860980749541,55.026370145538664
2024-02-07,0.5017729997634888,0.23143959404008385,0.5212128786519482,-0.07546907289431498,0.2703334057234049,53.87563815725973
2024-02-08,0.5292689800262451,0.23694514185999538,0.5381352088061299,-0.07108745188461675,0.29232383816624974,55.23162119793118
2024-02-09,0.5407919883728027,0.2407339158278403,0.5229114287140884,-0.07255862400127822,0.3000580725449624,55.484933023473914
2024-02-10,0.5514119863510132,0.2502772326398305,0.5474503971293591,-0.05712688600887187,0.3011347537111827,54.61157195801124
2024-02-11,0.5414100289344788,0.25693213433096845,0.5576625509391167,-0.052723074779650804,0.2844778946035103,52.5438908406216
2024-02-12,0.560030996799469,0.25836625507181293,0.5639109864192017,-0.04486344524908518,0.30166474172765606,53.86572233530737
2024-02-13,0.5449960231781006,0.26195129611801465,0.5429128174489913,-0.05477309002226845,0.28304472706008593,51.93519127158641
2024-02-14,0.5773019790649414,0.2695781381821791,0.5687594453592982,-0.030663328888667636,0.30772384088276233,53.30379109061501
2024-02-15,0.6083629727363586,0.2746021190471207,0.5689101595178829,-0.028066716862001878,0.33376085368923797,54.86212485747012
2024-02-16,0.5988720059394836,0.277075958023687,0.5749956846964749,-0.04808261222538922,0.32179604791579663,53.733693464428576
2024-02-17,0.6083459854125977,0.2845032047586123,0.6152010991614277,-0.03694122895463348,0.32384278065398536,53.233322553176045
2024-02-18,0.6187340021133423,0.2882922550280859,0.5829628254676659,-0.04252229387985663,0.33044174708525637,53.4061076256683
2024-02-19,0.6310629844665527,0.28617998616464435,0.6183909080011794,-0.035202401820224646,0.3448829983019084,54.65112148725429
2024-02-20,0.6221650242805481,0.28562355693307245,0.6052607804793868,-0.0242379264579509,0.33654146734747564,54.091993958779916
2024-02-21,0.5984579920768738,0.28861344186799415,0.6433648294829721,-0.027336490049407025,0.30984455020887963,51.77381776348291
2024-02-22,0.5859019756317139,0.28861627916574,0.6121362623318848,-0.033037004193041855,0.29728569646597386,50.739835131199776
2024-02-23,0.5832419991493225,0.2858050742446213,0.5793217111986406,-0.051489909065735105,0.2974369249047012,50.99717190094724
2024-02-24,0.5966960191726685,0.2878097046768227,0.6137184549455657,-0.022119652870055486,0.30888631449584575,51.76610947130552
2024-02-25,0.5913789868354797,0.2861678432534291,0.5904122008622383,-0.0482814056949859,0.30521114358205065,51.610075835677215
2024-02-26,0.6197360157966614,0.2787454299573454,0.5861498942875532,-0.057747683219052603,0.34099058583931596,55.021908868887934
2024-02-27,0.6242160201072693,0.2731253177492193,0.5716576656302432,-0.05637996734999603,0.35109070235805,56.245064376546495
2024-02-28,0.6310589909553528,0.27141724213060575,0.570199009684188,-0.07396584457624113,0.35964174882474703,56.9901948913349
2024-02-29,0.655646026134491,0.2671977712911585,0.5931739660794082,-0.06653110389826784,0.38844825484333245,59.24664214523144
2024-03-01,0.7190809845924377,0.2607378523814256,0.5682603956956666,-0.09411949854672871,0.45834313221101214,63.74012691641302
2024-03-02,0.7409279942512512,0.2597509668199714,0.6052214517647501,-0.06628566646872369,0.4811770274312798,64.94248174784325
2024-03-03,0.7282379865646362,0.25584207060439856,0.6152559366952194,-0.062499700608244044,0.47239591596023767,64.86834313446093
2024-03-04,0.7712939977645874,0.24692650004870412,0.575967398839103,-0.09509800219315026,0.5243674977158833,67.98542439531981
2024-03-05,0.6934900283813477,0.24061750663143824,0.5832613006608894,-0.12110343223648479,0.45287252174990944,65.30339344704701
2024-03-06,0.7338209748268127,0.23903559780835643,0.555398265647181,-0.10898628893358946,0.4947853770184563,67.4258973226037
2024-03-07,0.7447419762611389,0.23574835489755766,0.5778422059390937,-0.11722007316559743,0.5089936213635813,68.34496209263033
2024-03-08,0.7248539924621582,0.23099834492496862,0.5787582215088594,-0.10777515258824984,0.4938556475371896,68.13174138141646
2024-03-09,0.7437130212783813,0.23245212771599383,0.5861690215766469,-0.10546431787996823,0.5112608935623875,68.74437840063257
2024-03-10,0.7172269821166992,0.2316505099402306,0.5803247808271423,-0.11995685467588274,0.4855764721764686,67.70192481373505
2024-03-11,0.7741900086402893,0.2264291903012731,0.5923333473794823,-0.1466554553632675,0.5477608183390162,70.75276252932392
2024-03-12,0.7480549812316895,0.22430841234742335,0.5691894805278435,-0.12058518196012936,0.5237465688842661,70.0144484061727
2024-03-13,0.7645800113677979,0.22730474485620888,0.5752818845346986,-0.1275048767544133,0.537275266511589,70.27063989685378
2024-03-14,0.7504739761352539,0.22887359584938202,0.5729736055223132,-0.12839015770560552,0.5216003802858719,69.50279381731241
2024-03-15,0.7264410257339478,0.22914000568395237,0.5933247911256767,-0.14019344972095277,0.4973010200499954,68.45717717381882
2024-03-16,0.6595349907875061,0.23565064459892965,0.5851398153575558,-0.12771595725276852,0.42388434618857646,64.27018310013315
2024-03-17,0.681098997592926,0.2398270880951119,0.5872409716655795,-0.13107546912579993,0.44127190949781414,64.78821890170364
2024-03-18,0.6612579822540283,0.23938943568916277,0.6170140926158543,-0.13554009302579081,0.42186854656486555,63.79787584973165
2024-03-19,0.5869140028953552,0.2417488126468666,0.5606990673941069,-0.11288991984904533,0.34516519024848863,58.810181482419054
2024-03-20,0.6394810080528259,0.24882180160420894,0.6210686368712826,-0.1343954877392872,0.39065920644861696,61.09004044360072
2024-03-21,0.6318680047988892,0.2539753428492236,0.6081838644163825,-0.116535866028302,0.3778926619496656,59.80563330943481
2024-03-22,0.6132630109786987,0.2572595889579312,0.5869374731276364,-0.11598645533588733,0.3560034220207675,58.050692059941156
2024-03-23,0.6258620023727417,0.2661615884992795,0.6021462994132305,-0.13166410740940163,0.3597004138734622,57.47279951647186
2024-03-24,0.6461570262908936,0.27205983191399014,0.6473956574784363,-0.11007136767840717,0.3740971943769034,57.89570942597605
2024-03-25,0.656948983669281,0.272648696240423,0.6506105617784685,-0.12582116373363955,0.384300287428858,58.49773680787382
2024-03-26,0.6650339961051941,0.2753313115281953,0.6442994584422981,-0.08929177561783755,0.3897026845769988,58.59891176380646
2024-03-27,0.6484829783439636,0.28203389155016595,0.6493881554781635,-0.13073660249607297,0.3664490867937977,56.50866700149968
2024-03-28,0.6507940292358398,0.28615007577649243,0.647125721965871,-0.11884845772683979,0.3646439534593474,56.03062368096878
2024-03-29,0.6644030213356018,0.2877727886631311,0.6343370844098353,-0.12968210212135284,0.3766302326724707,56.687013842194446
2024-03-30,0.6443660259246826,0.29444652284562073,0.6683339895159349,-0.0892060327526029,0.3499195030790619,54.30446190531507
2024-03-31,0.650426983833313,0.29762012177444924,0.66456264256642,-0.10095113043904368,0.35280686205886375,54.24234707785105
2024-04-01,0.6216840147972107,0.2950691502051397,0.7053158902298132,-0.10472481439632951,0.326614864592071,52.537118024276474
2024-04-02,0.5809869766235352,0.29428643494065865,0.6646825126064213,-0.1661350066914823,0.2867005416828765,49.34715462110112
2024-04-03,0.5712779760360718,0.2972938841137034,0.6998327599684716,-0.10346772146100748,0.2739840919223684,47.95985551963033
2024-04-04,0.582955002784729,0.29758420191550095,0.6876417691117503,-0.12053252021926157,0.28537080086922806,48.952457652140346
2024-04-05,0.5748339891433716,0.2953500770771516,0.7179995738176906,-0.1346142261951366,0.27948391206622,48.619935032497324
2024-04-06,0.5843380093574524,0.2982338242528225,0.7044339028920777,-0.15164589848901958,0.28610418510462987,48.96210421417472
2024-04-07,0.5894740223884583,0.29777762470732805,0.6876139137139329,-0.10606054532755088,0.2916963976811302,49.48418193209282
2024-04-08,0.6141589879989624,0.2918435219612187,0.7087217220446485,-0.11872588478666662,0.3223154660377437,52.480786300613126
2024-04-09,0.5918930172920227,0.2880018165878872,0.6779593643694997,-0.13982498564838175,0.3038912007041355,51.34225135725913
2024-04-10,0.5862550139427185,0.28834102315334326,0.6825896923043056,-0.1279644702887891,0.29791399078937525,50.81645081136716
2024-04-11,0.5861909985542297,0.2864080523785614,0.7041729767082074,-0.12095159614833113,0.29978294617566836,51.140830704505404
2024-04-12,0.5035750269889832,0.28243623328489076,0.6674762001092687,-0.14557423921479593,0.2211387937040924,43.913772894248446
2024-04-13,0.4479080140590668,0.2840941803045707,0.6875096498744052,-0.15891754987540158,0.1638138337544961,36.57309729066235
2024-04-14,0.4689109921455383,0.28293566637134704,0.7010271037816261,-0.13965253667757827,0.18597532577419124,39.66111455891593
2024-04-15,0.460794985294342,0.2768196607581234,0.6847797349485055,-0.17136887235998943,0.18397532453621857,39.925635132227114
2024-04-16,0.4586049914360046,0.2732991675196302,0.7034564078016408,-0.16512389934040472,0.1853058239163744,40.406412354156124
2024-04-17,0.4442949891090393,0.27443200811389135,0.7306605332680207,-0.1259470457432229,0.16986298099514796,38.232027179910425
2024-04-18,0.4581440091133117,0.2737221814646119,0.6609399360022528,-0.16958295857269803,0.1844218276486998,40.2541174783947
2024-04-19,0.4687840044498443,0.27134937697221917,0.6908094143756638,-0.20040151578184268,0.19743462747762514,42.11633195747166
2024-04-20,0.5059080123901367,0.27491959799286386,0.7336160729018303,-0.19007763711849993,0.23098841439727286,45.65818463834558
2024-04-21,0.4992919862270355,0.27591700257225077,0.7399793109875729,-0.1984565772528051,0.22337498365478475,44.73834746332436
2024-04-22,0.516884982585907,0.27212606083076046,0.7307209302165416,-0.17867924727402915,0.24475892175514652,47.35268580074625
2024-04-23,0.5001959800720215,0.27102260209815215,0.752892390660132,-0.1908328837866046,0.22917337797386933,45.81671726767405
2024-04-24,0.4749099910259247,0.2745868310546211,0.7463471437692089,-0.19478007508901324,0.20032315997130357,42.18128987738399
2024-04-25,0.4710200130939483,0.2762468821235653,0.7358059468614216,-0.19557603132369458,0.194773130970383,41.35134931762106
2024-04-26,0.4627290070056915,0.2761104257376716,0.7114336762551501,-0.2136587248061299,0.1866185812680199,40.32999410943013
2024-04-27,0.4670319855213165,0.2817172259925117,0.7251213431300466,-0.21463551006126075,0.18531475952880477,39.679243665067254
2024-04-28,0.4604740142822265,0.28449270396982046,0.7598821513663927,-0.21446758495855292,0.17598131031240605,38.21742483921066
2024-04-29,0.4573650062084198,0.2821715605693996,0.7318005796072077,-0.23814765685418168,0.17519344563902017,38.30495190075497
2024-04-30,0.4408119916915893,0.28218999456509297,0.7539409365161809,-0.24305070774556994,0.15862199712649633,35.9840476475683
2024-05-01,0.4498659968376159,0.2864995669160525,0.7629638284249569,-0.25487384249063866,0.16336642992156342,36.31446498956718
2024-05-02,0.4582819938659668,0.2885112622116973,0.7704913430480963,-0.18344088135455455,0.16977073165426948,37.04503644625456
2024-05-03,0.4675439894199371,0.2883272527776706,0.7870310890913308,-0.23834572757073524,0.1792167366422665,38.331524027207244
2024-05-04,0.463577002286911,0.29349326723924807,0.7679206304291771,-0.21714411065356484,0.17008373504766294,36.68942467132935
2024-05-05,0.4583339989185333,0.29545163028814847,0.7996307729369571,-0.24131724786952782,0.16288236863038486,35.53791972987289
2024-05-06,0.4542880058288574,0.2919640496434522,0.7781444735695258,-0.21161520222330352,0.16232395618540524,35.73150822884747
2024-05-07,0.4418730139732361,0.2905027169889163,0.7853042172485453,-0.2191448997907653,0.1513702969843198,34.256515378304634
2024-05-08,0.4525530040264129,0.29306281287469155,0.8234480300816075,-0.22856365553075866,0.15949019115172136,35.2423229395717
2024-05-09,0.4635010063648224,0.2931050120580627,0.8388792061607723,-0.23906469940562494,0.17039599430675967,36.76280999757759
2024-05-10,0.4482499957084656,0.29078554561419934,0.8428199244917213,-0.20500493552468801,0.15746445009426624,35.12871201379297
2024-05-11,0.4388760030269623,0.29370677605023865,0.7857179365511723,-0.22920399127840105,0.14516922697672363,33.07750389072997
2024-05-12,0.4376530051231384,0.2933684085728012,0.8079718521818038,-0.21392980329183903,0.1442845965503372,32.967806655352724
2024-05-13,0.4365400075912475,0.28758847115950464,0.8519863471567258,-0.2551197250101883,0.14895153643174286,34.12093596040183
2024-05-14,0.428068995475769,0.28389268543174223,0.7911418601314694,-0.2850520711385841,0.14417631004402676,33.680624284359766
2024-05-15,0.4529879987239837,0.2843253704393066,0.7413174178530565,-0.26433761892949303,0.1686626282846771,37.23335469367417
2024-05-16,0.4596950113773346,0.28239052332480497,0.8067341757040519,-0.2615819430348203,0.17730448805252963,38.570026575074486
2024-05-17,0.4819999933242798,0.27828067467339096,0.807343342583461,-0.2782962288627839,0.20371931865088883,42.265419392616174
2024-05-18,0.4824079871177673,0.2796265090408863,0.8422442306059259,-0.26721115536136986,0.20278147807688096,42.03526547900567
2024-05-19,0.467602014541626,0.2779473998830342,0.8078726833249458,-0.31807247918513315,0.1896546146585918,40.55898151861121
2024-05-20,0.5017579793930054,0.27107200870482634,0.8269477014132298,-0.26150900887505263,0.23068597068817903,45.97554601269084
2024-05-21,0.4947740137577057,0.2665275782448733,0.8514635519433466,-0.31697399655417735,0.2282464355128324,46.13145176711045
2024-05-22,0.4831269979476928,0.266351060112694,0.8389090639102464,-0.31923962558759145,0.21677593783499882,44.86934879562842
2024-05-23,0.4653300046920776,0.26403070977115833,0.8435280842078748,-0.30962605026927437,0.20129929492091925,43.259470245019955
2024-05-24,0.4594939947128296,0.2597357266205134,0.8282586008650674,-0.25643434417998523,0.19975826809231617,43.47353183955305
2024-05-25,0.4620720148086548,0.2610669013352538,0.7856425373052269,-0.38243052117980414,0.201005113473401,43.50081957606494
2024-05-26,0.4583750069141388,0.25950838396742537,0.8660531113258495,-0.33458747004356654,0.19886662294671342,43.38513661238175
2024-05-27,0.4679630100727081,0.2528496807049224,0.8272461238978271,-0.35726452340022025,0.21511332936778566,45.968019851475695
2024-05-28,0.4569900035858154,0.24857646227730656,0.8089203319434032,-0.413826134458814,0.2084135413085088,45.60571121319333
2024-05-29,0.450994998216629,0.24868327418324396,0.819533948708999,-0.3464333917398238,0.20231172403338502,44.85897290067228
2024-05-30,0.4465810060501098,0.24661672953623126,0.8455666989150586,-0.40858953525865116,0.19996427651387855,44.77670877284042
2024-05-31,0.4474610090255737,0.24250670995861626,0.8085589704279182,-0.39141840336605993,0.20495429906695742,45.80383428564693
2024-06-01,0.4499750137329101,0.24391848573829294,0.8176122570387357,-0.3240283378205819,0.20605652799461716,45.792882205882954
2024-06-02,0.4464940130710602,0.24230582078966723,0.8611481952149629,-0.3750870071753231,0.20418819228139296,45.73145133054586
2024-06-03,0.4570359885692596,0.23543412678012904,0.8460497737306724,-0.3895698575945649,0.22160186178913055,48.48674225477297
2024-06-04,0.4614849984645843,0.2307722116726389,0.834609763252907,-0.372579106015059,0.2307127867919454,49.99356155878401
2024-06-05,0.4611749947071075,0.2303056820655377,0.8016100805273423,-0.36904174452098876,0.2308693126415698,50.06110810240156
2024-06-06,0.4581019878387451,0.22748055722937588,0.8281967775791221,-0.4286119325241135,0.23062143060936924,50.34281376891765
2024-06-07,0.4496429860591888,0.22243460597785883,0.8754859285986751,-0.4419436532575166,0.22720838008132996,50.5308404947345
2024-06-08,0.4365710020065307,0.2227493123416617,0.8740544033676865,-0.43240591603899575,0.213821689664869,48.97752912633222
2024-06-09,0.4441060125827789,0.2199025395558472,0.8280036950730011,-0.4858873673430439,0.22420347302693167,50.48422373816464
2024-06-10,0.4404610097408294,0.21169096979367721,0.8670191539788299,-0.44269554602663475,0.2287700399471522,51.93877207922723
2024-06-11,0.4218910038471222,0.20562088667869377,0.8542598882301713,-0.4265624810203821,0.21627011716842842,51.2620831438247
2024-06-12,0.4377959966659546,0.20372038979212387,0.8292640807813034,-0.49313170024044317,0.23407560687383072,53.46682214009238
2024-06-13,0.4211849868297577,0.19948163606246783,0.8327542683531584,-0.42952577301595135,0.22170335076728986,52.63799938265653
2024-06-14,0.4116829931735992,0.19309066219031992,0.8103954416499293,-0.46799618403420523,0.21859233098327926,53.09724584398921
2024-06-15,0.4136950075626373,0.1921777418147107,0.8149729234148942,-0.5124666276554732,0.22151726574792657,53.54603311580617
2024-06-16,0.4163790047168731,0.18826839793690503,0.8482645498018506,-0.5215073877528761,0.22811060677996808,54.784368134766396
2024-06-17,0.4017579853534698,0.17920420074947285,0.8625383627567004,-0.5000182537495498,0.22255378460399694,55.39498721056967
2024-06-18,0.3835799992084503,0.1725319707143408,0.8371623510021233,-0.5597806151511289,0.21104802849410953,55.02060298493794
2024-06-19,0.3837909996509552,0.17031452739281977,0.8365096505278988,-0.5864302523692382,0.21347647225813543,55.623105401712124
2024-06-20,0.3842439949512481,0.16607162709309825,0.8399317119191967,-0.5608883058951698,0.21817236785814986,56.77964281155026
2024-06-21,0.3760519921779632,0.160008687065692,0.8148004173508865,-0.5668452414283044,0.2160433051122712,57.45038175732644
2024-06-22,0.3848119974136352,0.1597662875666837,0.8232858079948717,-0.5892828397476781,0.2250457098469515,58.48198896071564
2024-06-23,0.3803029954433441,0.15687060276824707,0.8237593202663911,-0.5361832399377865,0.22343239267509704,58.75115246321614
2024-06-24,0.3777649998664856,0.14915391299689099,0.8522157993331784,-0.5682798989662516,0.2286110868695946,60.51674637681976
2024-06-25,0.3918589949607849,0.14414383160764813,0.8137345057902479,-0.5896702080359626,0.24771516335313679,63.21538271130582
2024-06-26,0.3847500085830688,0.1438743911145326,0.84656280245633,-0.5889187995315658,0.2408756174685362,62.60574713321425
2024-06-27,0.3907009959220886,0.1418276262139478,0.8457440475980362,-0.6299516178897068,0.24887336970814083,63.69918999586317
2024-06-28,0.3854260146617889,0.13816323653925727,0.8893230275829836,-0.6576053466692628,0.2472627781225316,64.15311077004094
2024-06-29,0.3839649856090545,0.14046929647793813,0.8749774354902196,-0.5910427638580417,0.24349568913111638,63.416118202777696
2024-06-30,0.392192006111145,0.14021413058451437,0.8348397526579483,-0.5944268156541131,0.25197787552663065,64.24860058346562
2024-07-01,0.4029070138931274,0.13516846706018382,0.8878832047038577,-0.6673521005325285,0.26773854683294357,66.45169669445423
2024-07-02,0.4177750051021576,0.1327964561588743,0.8572989483458262,-0.6042977872996114,0.2849785489432833,68.21340325843526
2024-07-03,0.4067380130290985,0.1350686465728121,0.870330622589411,-0.6622333328027814,0.2716693664562864,66.79222441814183
2024-07-04,0.3628590106964111,0.13540550223145129,0.871494722566996,-0.653457742264848,0.2274535084649598,62.68371509596068
2024-07-05,0.3498849868774414,0.13390898510880572,0.9225642666159822,-0.6519040441945324,0.21597600176863568,61.72771335407092
2024-07-06,0.3712210059165954,0.13811511375840402,0.8570904773987676,-0.5953945213461586,0.23310589215819139,62.79437004989011
2024-07-07,0.3466179966926574,0.1394475598153973,0.8843363984878544,-0.6356096028570316,0.2071704368772601,59.769094176883144
2024-07-08,0.3690069913864136,0.13564134162796665,0.8570966497634378,-0.6267027717002083,0.23336564975844692,63.24152528429281
2024-07-09,0.375328004360199,0.13413515313847846,0.9011728944096727,-0.6511796910180475,0.24119285122172052,64.2618851830331
2024-07-10,0.3888350129127502,0.13688537836576153,0.8586036224372271,-0.628669318722924,0.25194963454698865,64.79602560984472
2024-07-11,0.3958170115947723,0.13731033855600477,0.8614731388937469,-0.6355674588212983,0.2585066730387675,65.30964194722895
2024-07-12,0.4165239930152893,0.13552227066468492,0.9363122680772535,-0.6912453116128016,0.2810017223506044,67.46351400225093
2024-07-13,0.441415011882782,0.13907992924800838,0.886361020434703,-0.699921413555368,0.3023350826347736,68.49225207480231
2024-07-14,0.4323480129241943,0.13944186625460564,0.908333694000724,-0.7242046108375534,0.29290614666958864,67.74777214506254
2024-07-15,0.4455820024013519,0.1343894503383845,0.9042392110726474,-0.6568434186070048,0.31119255206296736,69.83956945879177
2024-07-16,0.4381889998912811,0.13141817650747345,0.923655169787718,-0.729526423127409,0.3067708233838076,70.00879151688436
2024-07-17,0.4367479979991913,0.1325503391250626,0.8758767978251617,-0.7361678417632184,0.3041976588741287,69.65061322952921
2024-07-18,0.423905998468399,0.1312776474104494,0.89641624862596,-0.7103760765885709,0.2926283510579496,69.03142491855166
2024-07-19,0.4390339851379394,0.12779132277886268,0.9526568077008055,-0.7541451688076732,0.3112426623590767,70.89261262115912
2024-07-20,0.4376370012760162,0.1297326182952978,0.9872974387885011,-0.7364205561824949,0.30790438298071837,70.35611296187548
2024-07-21,0.4460769891738891,0.12864386916039344,1.0046133703993634,-0.6932818353114106,0.31743312001349566,71.16106136776186
2024-07-22,0.4265469908714294,0.12238919503056128,0.9408517857733993,-0.7564594511645896,0.3041577958408681,71.30698430657736
2024-07-23,0.4100970029830932,0.11854346730758666,0.9773349096693812,-0.7904552040500864,0.29155353567550657,71.09379818791952
2024-07-24,0.4068470001220703,0.11920267815618468,0.9226168257894833,-0.7719574085768042,0.28764432196588563,70.7008585241088
2024-07-25,0.3946709930896759,0.11792435380452282,0.9575003417537862,-0.7552429419565192,0.2767466392851531,70.12084600356519
2024-07-26,0.4177469909191131,0.11495561277288036,0.9719374056343885,-0.7480153242227591,0.30279137814623275,72.48200100257843
2024-07-27,0.4181979894638061,0.1179818668046342,0.9785598521910656,-0.8099189215589954,0.3002161226591719,71.78803586408796
2024-07-28,0.4073869884014129,0.1185763254970867,0.9885996090482292,-0.7997161502434676,0.2888106629043262,70.89344312090566
2024-07-29,0.404013991355896,0.11461947062880963,0.9783225202298451,-0.8337288375005222,0.2893945207270864,71.62982642157031
2024-07-30,0.4016799926757812,0.11368715034754263,0.9340217716394067,-0.8618463073034672,0.2879928423282386,71.69708414147826
2024-07-31,0.3887729942798614,0.11786045778329066,1.0075079250733068,-0.7852153958187615,0.27091253649657077,69.68399052469991
2024-08-01,0.3927060067653656,0.12066605441782455,1.0131958572396866,-0.7850009732652434,0.2720399523475411,69.27318341480827
2024-08-02,0.3638220131397247,0.1223045460718845,1.0614026170629385,-0.8111493691806152,0.24151746706784016,66.38341231295594
2024-08-03,0.364095002412796,0.13039990569842014,1.0327222258581223,-0.7930256460251425,0.23369509671437588,64.18519759011193
2024-08-04,0.3439379930496216,0.13645008964556793,0.9905472213975522,-0.825610023487435,0.20748790340405365,60.32712512052088
2024-08-05,0.3131549954414367,0.1382479886559452,1.0249846456317753,-0.7616720307894446,0.1749070067854915,55.85317473187202
2024-08-06,0.3307819962501526,0.14327132927306002,1.0557478578239923,-0.8310741100422682,0.18751066697709257,56.68708366923584
2024-08-07,0.3236980140209198,0.15349464686684522,1.087820056549795,-0.8283149970666992,0.17020336715407458,52.58091177015215
2024-08-08,0.3518140017986297,0.16233193954113603,1.0998046810972728,-0.7906217038763548,0.18948206225749367,53.85859041674779
2024-08-09,0.3485470116138458,0.1698675533557407,1.0603763615076387,-0.7926139080182953,0.17867945825810513,51.264091300275894
2024-08-10,0.3462890088558197,0.1836082307877619,1.1106030579593615,-0.7918665368933836,0.1626807780680578,46.97832559155561
2024-08-11,0.3283219933509826,0.19493640365543752,1.1639623471438483,-0.7862034577393563,0.1333855896955451,40.62645585638648
2024-08-12,0.3389770090579986,0.201533804893141,1.1401381499981154,-0.80620619382928,0.1374432041648576,40.54646789963895
2024-08-13,0.3401539921760559,0.21077394830855214,1.1766327213838592,-0.8121151233135082,0.12938004386750376,38.03572700700206
2024-08-14,0.3354550004005432,0.22453653309483798,1.1568556822735625,-0.7471671900114187,0.11091846730570523,33.06508091197487
2024-08-15,0.3253529965877533,0.23615232172285977,1.1995555414400645,-0.7687683878175735,0.08920067486489353,27.41658315749816
2024-08-16,0.3304719924926758,0.24563598639936893,1.1430938280019265,-0.7678252712598119,0.08483600609330685,25.671163675144744
2024-08-17,0.3368859887123108,0.26043980760265656,1.18364632574838,-0.748103197734692,0.07644618110965423,22.69200372560958
2024-08-18,0.3348309993743896,0.2719082655856689,1.2461044209778713,-0.7119741565784098,0.06292273378872071,18.792385981670705
2024-08-19,0.3367530107498169,0.2777025680095389,1.2927631963305004,-0.665268922655468,0.059050442740277986,17.5352382474015
2024-08-20,0.3436850011348724,0.285193641492396,1.2635257857377828,-0.7257376324466893,0.05849135964247637,17.018886320128527
2024-08-21,0.3690589964389801,0.29627663288507533,1.2710060619722527,-0.7276927729848474,0.07278236355390477,19.72106472303231
2024-08-22,0.3765360116958618,0.30431546854266767,1.2441499234891673,-0.7544181906266151,0.07222054315319415,19.1802486109957
2024-08-23,0.391535997390747,0.30937497696044314,1.2880214035758166,-0.7658034848360318,0.08216102043030388,20.98428266566469
2024-08-24,0.394006997346878,0.31897347865936615,1.3603573538563214,-0.7538701718728021,0.07503351868751185,19.043702064370553
2024-08-25,0.3849790096282959,0.3245359141559879,1.3392200201820257,-0.7378403591763112,0.06044309547230797,15.700361308183233
2024-08-26,0.3669570088386535,0.32381659182211586,1.3272419363098773,-0.7730070408685737,0.04314041701653765,11.756259174083784
2024-08-27,0.3505110144615173,0.3242901296642924,1.3746614053865853,-0.7428605167248771,0.026220884797224897,7.480759153177395
2024-08-28,0.3501920104026794,0.3279636893897925,1.3278032579262866,-0.7875191155480354,0.02222832101288691,6.347466633326948
2024-08-29,0.3570410013198852,0.32831910844568435,1.3601440494947872,-0.7261596376844647,0.02872189287420085,8.04442424484126
2024-08-30,0.3471539914608001,0.3255424961190296,1.326094269095774,-0.7253934475081505,0.021611495341770537,6.225333965146375
2024-08-31,0.3453519940376282,0.3272742599698164,1.359680202129532,-0.8041168239928113,0.018077734067811768,5.2345822175395025
2024-09-01,0.331739991903305,0.32505969582795835,1.4215789667342442,-0.7781565622734794,0.006680296075346648,2.0137144264758433
2024-09-02,0.3359679877758026,0.31676928392938325,1.3446772006252514,-0.7879035458730576,0.019198703846419363,5.714444394991287
2024-09-03,0.3185510039329529,0.3099873227913107,1.3426274194234862,-0.8145743715706234,0.008563681141642188,2.6883233880639823
2024-09-04,0.323523998260498,0.30682205210315194,1.3405209283395532,-0.7927184654012718,0.016701946157346048,5.16250610376601
2024-09-05,0.3250620067119598,0.3008459172504154,1.322777820764302,-0.7819309263309187,0.02421608946154441,7.449683125534413
2024-09-06,0.3147180080413818,0.2923235813805058,1.3512782829956613,-0.8293327637447233,0.022394426660875988,7.115711871794568
2024-09-07,0.3250730037689209,0.28896068306735556,1.3834917095062373,-0.8261527114246284,0.03611232070156534,11.108987914368887
2024-09-08,0.3386589884757995,0.28235349586734876,1.3560371427999125,-0.8538298202484023,0.05630549260845075,16.62601452330102
2024-09-09,0.3434059917926788,0.2704086462360679,1.36676360541399,-0.867763482657449,0.07299734555661086,21.256864265979626
2024-09-10,0.3434770107269287,0.2607315259532697,1.3373213670571398,-0.8257786763820607,0.082745484773659,24.090545273623384
2024-09-11,0.3530539870262146,0.2554365456024399,1.3542300078626544,-0.8565318765130985,0.09761744142377471,27.649437482921417
2024-09-12,0.3562929928302765,0.24808786804885505,1.3722926565665121,-0.8918185522762505,0.10820512478142144,30.369703294436096
2024-09-13,0.3609000146389007,0.238928205768816,1.3467637229035943,-0.8666580920146614,0.12197180887008471,33.79656523209728
2024-09-14,0.3544799983501434,0.2356286504380802,1.3173304113319069,-0.9274868653589208,0.11885134791206317,33.52836506015378
2024-09-15,0.3385230004787445,0.22973965480676886,1.3108066977100576,-0.8928076518751328,0.10878334567197565,32.13469853396447
2024-09-16,0.3303059935569763,0.21911228159182056,1.3196302732240388,-0.9772455809815056,0.11119371196515576,33.66384931975972
2024-09-17,0.3339129984378814,0.21128830959028838,1.282360816093574,-0.9651998894215478,0.12262468884759303,36.7235445823488
2024-09-18,0.3429360091686249,0.20831229476884824,1.3489968786082223,-0.9970028759161969,0.13462371439977663,39.256220052873154
2024-09-19,0.3509449958801269,0.20367417504073185,1.3674923152569862,-0.9692501046441095,0.14727082083939505,41.964074874485085
2024-09-20,0.3521139919757843,0.19753995232424099,1.30575611780867,-1.049313916946094,0.15457403965154332,43.89886320171387
2024-09-21,0.3585759997367859,0.19750337138692178,1.299966557810464,-1.017525010295772,0.1610726283498641,44.920080671350036
2024-09-22,0.3517720103263855,0.19503866926475702,1.3404618580433534,-1.0598261926752977,0.15673334106162848,44.55537577199681
2024-09-23,0.3637309968471527,0.1879234676181992,1.322314963908631,-1.0014232756530719,0.1758075292289535,48.3344919055198
2024-09-24,0.3877330124378204,0.1836303607904083,1.3723477165410989,-1.0240646048150095,0.2041026516474121,52.63999842678948
2024-09-25,0.3810830116271972,0.18414026571281994,1.3960073166133606,-1.011629703287452,0.19694274591437727,51.679749531065646
2024-09-26,0.401881992816925,0.1828860972911886,1.3518803110009046,-1.0282569218240236,0.2189958955257364,54.49258723704465
2024-09-27,0.4023280143737793,0.17998428482090412,1.3932918093371558,-1.0311248625900142,0.22234372955287518,55.26429222159726
2024-09-28,0.4010519981384277,0.18298703820523973,1.3266701934399598,-1.005545677606758,0.21806495993318795,54.373238618778885
2024-09-29,0.3975969851016998,0.18333543441474298,1.3128723814432839,-0.9953551974069429,0.2142615506869568,53.889128619059235
2024-09-30,0.3732140064239502,0.1787824004238971,1.3498200538107767,-1.1844149970570643,0.1944316060000531,52.096545856639075
2024-10-01,0.3524410128593445,0.17678415613084764,1.3264493243660356,-1.0554028428624296,0.17565685672849685,49.84007261339919
2024-10-02,0.3440049886703491,0.17931320046007165,1.4359387408504398,-1.1138211534489815,0.16469178821027747,47.87482555030539
2024-10-03,0.345236986875534,0.17980142692766332,1.4082124203274848,-1.1444069161540065,0.16543555994787068,47.919419481990225
2024-10-04,0.3513979911804199,0.17837091158933863,1.467334707216438,-1.0942180706099467,0.1730270795910813,49.239632534564834
2024-10-05,0.3507199883460998,0.18258531325751579,1.3722995048473074,-1.0220034937727633,0.168134675088584,47.93986105025307
2024-10-06,0.357230007648468,0.18390199021388787,1.4480682753791745,-1.1131645227242544,0.17332801743458015,48.52000496138149
2024-10-07,0.3514670133590698,0.1800939450016113,1.432948623981038,-1.1146029318209951,0.17137306835745852,48.75936057827947
2024-10-08,0.3445169925689697,0.1786401965810373,1.3677375990391625,-1.1116775203223517,0.16587679598793242,48.147638452035174
2024-10-09,0.3397020101547241,0.1815376981497089,1.4183143982195743,-1.1264357641561602,0.1581643120050152,46.55972213204629
2024-10-10,0.3388899862766266,0.18224342027418627,1.3718752340013645,-1.1231271409858166,0.1566465660024403,46.22342717278581
2024-10-11,0.351184993982315,0.18090417292047106,1.4630456660318802,-1.1798410062652172,0.17028082106184395,48.487499175553886
2024-10-12,0.3532150089740753,0.1851071333798082,1.4539184259723252,-1.1266313501648935,0.16810787559426713,47.593638810123615
2024-10-13,0.348033994436264,0.18633120715066243,1.422220058853549,-1.1904670298944093,0.16170278728560156,46.46177955906961
2024-10-14,0.3638890087604522,0.18236835135800955,1.3901271017171715,-1.0659665100569728,0.18152065740244266,49.883523006306994
2024-10-15,0.3585270047187805,0.18071347276180608,1.5047025240701117,-1.1219381709978935,0.17781353195697444,49.595575679563346
2024-10-16,0.352524995803833,0.18337602597868652,1.4212140362970538,-1.1293631486254614,0.1691489698251465,47.982120938531004
2024-10-17,0.3430320024490356,0.18382193341220823,1.4931674936328094,-1.1235884478430929,0.15921006903682736,46.412599378532114
2024-10-18,0.3507100045681,0.18220339699401797,1.5097012758189319,-1.148970942556334,0.168506607574082,48.04727706060117
2024-10-19,0.3516609966754913,0.18610956022972422,1.5055095382470565,-1.2595644667660635,0.16555143644576706,47.076996883602654
2024-10-20,0.3648410141468048,0.18701813455730995,1.5110729740262303,-1.2282733751212997,0.17782287958949486,48.73982712863046
2024-10-21,0.3609560132026672,0.18271710259985527,1.4650123867982925,-1.1895573339986212,0.1782389106028119,49.37967621631933
2024-10-22,0.3638199865818023,0.18069509013601426,1.5244241478938592,-1.1909210822704661,0.18312489644578805,50.33392974539449
2024-10-23,0.3486140072345733,0.1829535097599263,1.4827453165071294,-1.2345844268128043,0.165660497474647,47.519747926588146
2024-10-24,0.3463099896907806,0.18294907351242254,1.4856663679309774,-1.2902144904729473,0.16336091617835805,47.1718752104791
2024-10-25,0.3244119882583618,0.18082421970416782,1.5041099033142202,-1.2191164149807492,0.143587768554194,44.260931701402065
2024-10-26,0.3333500027656555,0.18415838776534899,1.5533972113576688,-1.1807089552305827,0.14919161500030653,44.75524636644085
2024-10-27,0.3398720026016235,0.18442023155470472,1.5566550185731658,-1.168376778022837,0.15545177104691876,45.738327916680305
2024-10-28,0.3437960147857666,0.17938986201801133,1.5556928345374674,-1.2088806445118923,0.16440615276775528,47.820843086329404
2024-10-29,0.3556509912014007,0.17654969192937875,1.5121524613065145,-1.2490567890990771,0.17910129927202195,50.35872349659758
2024-10-30,0.3552640080451965,0.17789696980480332,1.5351966123402185,-1.2337464370456404,0.17736703824039315,49.92541721756081
2024-10-31,0.3418450057506561,0.17688658807925117,1.5635605201584784,-1.206177448065796,0.1649584176714049,48.255324751395264
2024-11-01,0.3570899963378906,0.17366170260788533,1.5533242849879276,-1.3087550515136595,0.1834282937300053,51.36752516484366
2024-11-02,0.3477709889411926,0.1758050933891051,1.5526786380669777,-1.245469914548839,0.17196589555208752,49.44802787479395
2024-11-03,0.3342849910259247,0.17479135726213113,1.5980761560133783,-1.2880952136439199,0.15949363376379355,47.71187401333983
2024-11-04,0.3260189890861511,0.16840902793111903,1.5409855613182726,-1.2834596795844027,0.1576099611550321,48.3437978863812
2024-11-05,0.3339239954948425,0.16415120438519382,1.5737171227812925,-1.3628801222533657,0.16977279110964866,50.84174644534368
2024-11-06,0.3633230030536651,0.16402778661519687,1.583549029058975,-1.3205643086167662,0.19929521643846823,54.85345402394769
2024-11-07,0.4050129950046539,0.1615079184814402,1.547101815078144,-1.2732503297204982,0.24350507652321368,60.122781127162504
2024-11-08,0.4438149929046631,0.15675019188586492,1.5609405299449957,-1.3899295258980588,0.28706480101879817,64.68118599149335
2024-11-09,0.4936800003051758,0.15735356086701818,1.5465975218377652,-1.372247810448064,0.3363264394381576,68.12640561299877
2024-11-10,0.5903090238571167,0.15480907596658272,1.5612790105914993,-1.3448309678873747,0.435499947890534,73.77490946097176
2024-11-11,0.6138079762458801,0.1469215539111282,1.599993506768313,-1.3305447954239076,0.4668864223347519,76.06392233451946
2024-11-12,0.5739179849624634,0.14119978268926622,1.5472336783364558,-1.3370620769239034,0.43271820227319713,75.39721939564217
2024-11-13,0.5787749886512756,0.13966837850968922,1.5771682612667244,-1.3891926238431749,0.4391066101415864,75.8682767485928
2024-11-14,0.5801159739494324,0.13580990996217607,1.5829185901691403,-1.354747338820844,0.4443060639872563,76.58917939501278
2024-11-15,0.6740599870681763,0.12979485627924503,1.5874715542952516,-1.4090306438412232,0.5442651307889312,80.74431671225766
2024-11-16,0.7387340068817139,0.1292323578329312,1.5660966921593236,-1.39003292915017,0.6095016490487827,82.50623950852936
2024-11-17,0.7023249864578247,0.12562187512000156,1.6055697220571779,-1.422638387028048,0.5767031113378231,82.11342647033315
2024-11-18,0.7345799803733826,0.11677487332495097,1.6007799531602578,-1.437592920292139,0.6178051070484316,84.10317780977437
2024-11-19,0.7396420240402222,0.11020513062665986,1.6646085207193846,-1.4340327745212171,0.6294368934135623,85.1002069859856
2024-11-20,0.8003450036048889,0.10794078090535322,1.6836485530425498,-1.3963440902072348,0.6924042226995357,86.51321862207301
2024-11-21,0.8204740285873413,0.10346669662581275,1.5619621104757093,-1.3997880902633133,0.7170073319615285,87.3894001490873
2024-11-22,1.010422945022583,0.09695476586937399,1.4569681709987543,-1.4259546230281892,0.913468179153209,90.40453640260445
2024-11-23,1.066236972808838,0.09601500581472998,1.590689905617891,-1.4891750505315922,0.9702219669941079,90.9949656349101
2024-11-24,1.0231059789657593,0.09214761076543669,1.6167871044746747,-1.4675068288074569,0.9309583682003226,90.99334647046173
2024-11-25,0.945689022541046,0.08316503201925624,1.5404237290216596,-1.560770326408343,0.8625239905217899,91.20587951885139
2024-11-26,0.9612320065498352,0.07658266707005944,1.5991645928245009,-1.5697549240836703,0.8846493394797758,92.03286339320526
2024-11-27,1.0133459568023682,0.07443124804694387,1.5888931309390115,-1.4912680647395926,0.9389147087554243,92.65490254860116
2024-11-28,1.0335079431533811,0.07019951516126428,1.658726253544681,-1.5703423657092987,0.9633084279921168,93.20764628599993
2024-11-29,1.0768580436706543,0.06406471069082242,1.56815803257278,-1.5566995129137822,1.012793332979832,94.05077474534649
2024-11-30,1.0789419412612915,0.06364381969535123,1.6225070951108054,-1.5559763293106172,1.0152981215659402,94.10127484515513
2024-12-01,1.1552519798278809,0.060445642502025054,1.5747109900501017,-1.5939841990896577,1.0948063373258559,94.76775252867078
2024-12-02,1.2017760276794434,0.052292786861170684,1.650276290625362,-1.5447491270774334,1.1494832408182727,95.64870777443075
2024-12-03,1.198125958442688,0.04671215203087091,1.5804895797755203,-1.5409141849785346,1.1514138064118171,96.10123195297538
2024-12-04,1.1873199939727783,0.04574699399202238,1.6032981921871146,-1.5610473579140827,1.141572999980756,96.14703751101229
2024-12-05,1.184712052345276,0.042899161599745605,1.5780836999888916,-1.548291249368255,1.1418128907455305,96.37893769082355
2024-12-06,1.2311069965362549,0.0383590480253565,1.5871666679016105,-1.589242582476445,1.1927479485108985,96.8841824363536
2024-12-07,1.214195966720581,0.03975619717653492,1.683375938890431,-1.7035725889181048,1.174439769544046,96.72571823114251
2024-12-08,1.1962909698486328,0.03861066800878568,1.646979651330668,-1.6951703019948878,1.1576803018398472,96.77246848952883
2024-12-09,1.0075490474700928,0.0327542664330157,1.6499272795576303,-1.6211452438824718,0.9747947810370771,96.74911444606492
2024-12-10,1.0201610326766968,0.029720242208682357,1.5587119752229461,-1.632558969079801,0.9904407904680144,97.0867106999076
2024-12-11,1.0888899564743042,0.031554567742797024,1.6178224068544893,-1.6991408373052048,1.0573353887315071,97.10213437499534
2024-12-12,1.1250159740447998,0.03175741805370924,1.662817825717742,-1.607984084541825,1.0932585559910906,97.1771584771787
2024-12-13,1.1196019649505615,0.03051242649837929,1.6461581580710585,-1.6421848028902002,1.0890895384521821,97.27470766811965
2024-12-14,1.0605119466781616,0.035436685983353075,1.6009027906702333,-1.65721275551905,1.0250752606948086,96.65853024151673
2024-12-15,1.1017080545425415,0.03803162736167913,1.7267819778252478,-1.6515423711063493,1.0636764271808623,96.54793961023813
2024-12-16,1.0788559913635254,0.036103911236578246,1.7209434144642524,-1.646967935338017,1.0427520801269472,96.65350041844346
2024-12-17,1.051524996757507,0.037154953814961936,1.612318738882513,-1.611967273670103,1.014370042942545,96.46656485299604
2024-12-18,0.9684200286865234,0.04319222280093683,1.675530760230628,-1.7000947947181295,0.9252278058855866,95.5399287993332
2024-12-19,0.8855019807815552,0.0476709366578565,1.8066062549531265,-1.6785536159962051,0.8378310441236987,94.6165070556046
2024-12-20,0.9510110020637512,0.05072375022074058,1.6762389355428342,-1.6905820322948797,0.9002872518430106,94.66633402656048
2024-12-21,0.9046940207481384,0.059911398547389416,1.7024588106842062,-1.6235704318236688,0.8447826222007491,93.37771697685749
2024-12-22,0.8829759955406189,0.06667442631426701,1.7979600190756029,-1.6849766651197438,0.8163015692263519,92.4488970650392
2024-12-23,0.9242460131645204,0.06875512786226608,1.7709401436322438,-1.6575276831741739,0.8554908853022543,92.56094947849914
2024-12-24,0.936460018157959,0.07358830075063737,1.7885434326114422,-1.644362514885362,0.8628717174073216,92.14186411338868
2024-12-25,0.916858971118927,0.0831139246155725,1.8035284942099084,-1.708008765892501,0.8337450465033545,90.93492813686046
2024-12-26,0.8597850203514099,0.09072036852814,1.836374507664887,-1.6472515860716428,0.7690646518232699,89.44848230886123
2024-12-27,0.8747680187225342,0.09647567442374054,1.8237257557012407,-1.6526358055224042,0.7782923442987937,88.97128468818184
2024-12-28,0.8878170251846313,0.10787984865983982,1.8117702176556154,-1.706984549939347,0.7799371765247916,87.84886461966586
2024-12-29,0.8586400151252747,0.1163182457663553,1.8370321149615376,-1.6837462644841543,0.7423217693589194,86.45319997701428
2024-12-30,0.8600170016288757,0.11948512399458674,1.8139846317164263,-1.6712093641189343,0.740531877634289,86.10665559305438
